-- MySQL dump 10.13  Distrib 8.0.36, for Win64 (x86_64)
--
-- Host: i11a608.p.ssafy.io    Database: flolint
-- ------------------------------------------------------
-- Server version	8.0.39-0ubuntu0.20.04.1

/*!40101 SET @OLD_CHARACTER_SET_CLIENT=@@CHARACTER_SET_CLIENT */;
/*!40101 SET @OLD_CHARACTER_SET_RESULTS=@@CHARACTER_SET_RESULTS */;
/*!40101 SET @OLD_COLLATION_CONNECTION=@@COLLATION_CONNECTION */;
/*!50503 SET NAMES utf8 */;
/*!40103 SET @OLD_TIME_ZONE=@@TIME_ZONE */;
/*!40103 SET TIME_ZONE='+00:00' */;
/*!40014 SET @OLD_UNIQUE_CHECKS=@@UNIQUE_CHECKS, UNIQUE_CHECKS=0 */;
/*!40014 SET @OLD_FOREIGN_KEY_CHECKS=@@FOREIGN_KEY_CHECKS, FOREIGN_KEY_CHECKS=0 */;
/*!40101 SET @OLD_SQL_MODE=@@SQL_MODE, SQL_MODE='NO_AUTO_VALUE_ON_ZERO' */;
/*!40111 SET @OLD_SQL_NOTES=@@SQL_NOTES, SQL_NOTES=0 */;

--
-- Table structure for table `BATCH_JOB_EXECUTION`
--

DROP TABLE IF EXISTS `BATCH_JOB_EXECUTION`;
/*!40101 SET @saved_cs_client     = @@character_set_client */;
/*!50503 SET character_set_client = utf8mb4 */;
CREATE TABLE `BATCH_JOB_EXECUTION` (
  `JOB_EXECUTION_ID` bigint NOT NULL,
  `VERSION` bigint DEFAULT NULL,
  `JOB_INSTANCE_ID` bigint NOT NULL,
  `CREATE_TIME` timestamp NOT NULL,
  `START_TIME` timestamp NULL DEFAULT NULL,
  `END_TIME` timestamp NULL DEFAULT NULL,
  `STATUS` varchar(10) DEFAULT NULL,
  `EXIT_CODE` varchar(2500) DEFAULT NULL,
  `EXIT_MESSAGE` varchar(2500) DEFAULT NULL,
  `LAST_UPDATED` timestamp NULL DEFAULT NULL,
  PRIMARY KEY (`JOB_EXECUTION_ID`),
  KEY `JOB_INST_EXEC_FK` (`JOB_INSTANCE_ID`),
  CONSTRAINT `JOB_INST_EXEC_FK` FOREIGN KEY (`JOB_INSTANCE_ID`) REFERENCES `BATCH_JOB_INSTANCE` (`JOB_INSTANCE_ID`)
) ENGINE=InnoDB DEFAULT CHARSET=utf8mb4 COLLATE=utf8mb4_0900_ai_ci;
/*!40101 SET character_set_client = @saved_cs_client */;

--
-- Dumping data for table `BATCH_JOB_EXECUTION`
--

LOCK TABLES `BATCH_JOB_EXECUTION` WRITE;
/*!40000 ALTER TABLE `BATCH_JOB_EXECUTION` DISABLE KEYS */;
INSERT INTO `BATCH_JOB_EXECUTION` VALUES (1,2,1,'2024-08-15 10:00:00','2024-08-15 10:00:00','2024-08-15 10:00:00','COMPLETED','COMPLETED','','2024-08-15 10:00:00'),(2,2,2,'2024-08-15 10:10:00','2024-08-15 10:10:00','2024-08-15 10:10:00','COMPLETED','COMPLETED','','2024-08-15 10:10:00'),(3,2,4,'2024-08-15 10:20:00','2024-08-15 10:20:00','2024-08-15 10:20:00','COMPLETED','COMPLETED','','2024-08-15 10:20:00'),(4,2,6,'2024-08-15 10:30:00','2024-08-15 10:30:00','2024-08-15 10:30:00','COMPLETED','COMPLETED','','2024-08-15 10:30:00'),(5,2,8,'2024-08-15 10:40:00','2024-08-15 10:40:00','2024-08-15 10:40:00','COMPLETED','COMPLETED','','2024-08-15 10:40:00'),(6,2,9,'2024-08-15 10:50:00','2024-08-15 10:50:00','2024-08-15 10:50:00','COMPLETED','COMPLETED','','2024-08-15 10:50:00'),(7,2,11,'2024-08-15 11:00:00','2024-08-15 11:00:00','2024-08-15 11:00:00','COMPLETED','COMPLETED','','2024-08-15 11:00:00'),(8,2,13,'2024-08-15 11:10:00','2024-08-15 11:10:00','2024-08-15 11:10:00','COMPLETED','COMPLETED','','2024-08-15 11:10:00'),(9,2,14,'2024-08-15 11:20:00','2024-08-15 11:20:00','2024-08-15 11:20:00','COMPLETED','COMPLETED','','2024-08-15 11:20:00'),(10,2,16,'2024-08-15 11:30:00','2024-08-15 11:30:00','2024-08-15 11:30:00','COMPLETED','COMPLETED','','2024-08-15 11:30:00'),(11,2,17,'2024-08-15 11:40:00','2024-08-15 11:40:00','2024-08-15 11:40:00','COMPLETED','COMPLETED','','2024-08-15 11:40:00'),(12,2,19,'2024-08-15 11:50:00','2024-08-15 11:50:00','2024-08-15 11:50:00','COMPLETED','COMPLETED','','2024-08-15 11:50:00'),(13,2,20,'2024-08-15 12:00:00','2024-08-15 12:00:00','2024-08-15 12:00:00','COMPLETED','COMPLETED','','2024-08-15 12:00:00'),(14,2,21,'2024-08-15 12:10:00','2024-08-15 12:10:00','2024-08-15 12:10:00','COMPLETED','COMPLETED','','2024-08-15 12:10:00'),(15,2,22,'2024-08-15 12:20:00','2024-08-15 12:20:00','2024-08-15 12:20:00','COMPLETED','COMPLETED','','2024-08-15 12:20:00'),(16,2,23,'2024-08-15 12:30:00','2024-08-15 12:30:00','2024-08-15 12:30:00','COMPLETED','COMPLETED','','2024-08-15 12:30:00'),(17,2,24,'2024-08-15 12:40:00','2024-08-15 12:40:00','2024-08-15 12:40:00','COMPLETED','COMPLETED','','2024-08-15 12:40:00'),(18,2,25,'2024-08-15 18:00:00','2024-08-15 18:00:00','2024-08-15 18:00:00','COMPLETED','COMPLETED','','2024-08-15 18:00:00'),(19,2,27,'2024-08-15 23:00:00','2024-08-15 23:00:00','2024-08-15 23:00:03','COMPLETED','COMPLETED','','2024-08-15 23:00:03'),(20,2,29,'2024-08-16 18:00:00','2024-08-16 18:00:00','2024-08-16 18:00:00','COMPLETED','COMPLETED','','2024-08-16 18:00:00'),(21,2,30,'2024-08-16 23:00:00','2024-08-16 23:00:00','2024-08-16 23:00:00','COMPLETED','COMPLETED','','2024-08-16 23:00:00'),(22,2,32,'2024-08-17 18:00:00','2024-08-17 18:00:00','2024-08-17 18:00:00','COMPLETED','COMPLETED','','2024-08-17 18:00:00'),(23,2,34,'2024-08-17 23:00:00','2024-08-17 23:00:00','2024-08-17 23:00:00','COMPLETED','COMPLETED','','2024-08-17 23:00:00');
/*!40000 ALTER TABLE `BATCH_JOB_EXECUTION` ENABLE KEYS */;
UNLOCK TABLES;

--
-- Table structure for table `BATCH_JOB_EXECUTION_CONTEXT`
--

DROP TABLE IF EXISTS `BATCH_JOB_EXECUTION_CONTEXT`;
/*!40101 SET @saved_cs_client     = @@character_set_client */;
/*!50503 SET character_set_client = utf8mb4 */;
CREATE TABLE `BATCH_JOB_EXECUTION_CONTEXT` (
  `JOB_EXECUTION_ID` bigint NOT NULL,
  `SHORT_CONTEXT` varchar(2500) NOT NULL,
  `SERIALIZED_CONTEXT` text,
  PRIMARY KEY (`JOB_EXECUTION_ID`),
  CONSTRAINT `JOB_EXEC_CTX_FK` FOREIGN KEY (`JOB_EXECUTION_ID`) REFERENCES `BATCH_JOB_EXECUTION` (`JOB_EXECUTION_ID`)
) ENGINE=InnoDB DEFAULT CHARSET=utf8mb4 COLLATE=utf8mb4_0900_ai_ci;
/*!40101 SET character_set_client = @saved_cs_client */;

--
-- Dumping data for table `BATCH_JOB_EXECUTION_CONTEXT`
--

LOCK TABLES `BATCH_JOB_EXECUTION_CONTEXT` WRITE;
/*!40000 ALTER TABLE `BATCH_JOB_EXECUTION_CONTEXT` DISABLE KEYS */;
INSERT INTO `BATCH_JOB_EXECUTION_CONTEXT` VALUES (1,'rO0ABXNyABFqYXZhLnV0aWwuSGFzaE1hcAUH2sHDFmDRAwACRgAKbG9hZEZhY3RvckkACXRocmVzaG9sZHhwP0AAAAAAAAx3CAAAABAAAAABdAANYmF0Y2gudmVyc2lvbnQABTUuMS4yeA==',NULL),(2,'rO0ABXNyABFqYXZhLnV0aWwuSGFzaE1hcAUH2sHDFmDRAwACRgAKbG9hZEZhY3RvckkACXRocmVzaG9sZHhwP0AAAAAAAAx3CAAAABAAAAABdAANYmF0Y2gudmVyc2lvbnQABTUuMS4yeA==',NULL),(3,'rO0ABXNyABFqYXZhLnV0aWwuSGFzaE1hcAUH2sHDFmDRAwACRgAKbG9hZEZhY3RvckkACXRocmVzaG9sZHhwP0AAAAAAAAx3CAAAABAAAAABdAANYmF0Y2gudmVyc2lvbnQABTUuMS4yeA==',NULL),(4,'rO0ABXNyABFqYXZhLnV0aWwuSGFzaE1hcAUH2sHDFmDRAwACRgAKbG9hZEZhY3RvckkACXRocmVzaG9sZHhwP0AAAAAAAAx3CAAAABAAAAABdAANYmF0Y2gudmVyc2lvbnQABTUuMS4yeA==',NULL),(5,'rO0ABXNyABFqYXZhLnV0aWwuSGFzaE1hcAUH2sHDFmDRAwACRgAKbG9hZEZhY3RvckkACXRocmVzaG9sZHhwP0AAAAAAAAx3CAAAABAAAAABdAANYmF0Y2gudmVyc2lvbnQABTUuMS4yeA==',NULL),(6,'rO0ABXNyABFqYXZhLnV0aWwuSGFzaE1hcAUH2sHDFmDRAwACRgAKbG9hZEZhY3RvckkACXRocmVzaG9sZHhwP0AAAAAAAAx3CAAAABAAAAABdAANYmF0Y2gudmVyc2lvbnQABTUuMS4yeA==',NULL),(7,'rO0ABXNyABFqYXZhLnV0aWwuSGFzaE1hcAUH2sHDFmDRAwACRgAKbG9hZEZhY3RvckkACXRocmVzaG9sZHhwP0AAAAAAAAx3CAAAABAAAAABdAANYmF0Y2gudmVyc2lvbnQABTUuMS4yeA==',NULL),(8,'rO0ABXNyABFqYXZhLnV0aWwuSGFzaE1hcAUH2sHDFmDRAwACRgAKbG9hZEZhY3RvckkACXRocmVzaG9sZHhwP0AAAAAAAAx3CAAAABAAAAABdAANYmF0Y2gudmVyc2lvbnQABTUuMS4yeA==',NULL),(9,'rO0ABXNyABFqYXZhLnV0aWwuSGFzaE1hcAUH2sHDFmDRAwACRgAKbG9hZEZhY3RvckkACXRocmVzaG9sZHhwP0AAAAAAAAx3CAAAABAAAAABdAANYmF0Y2gudmVyc2lvbnQABTUuMS4yeA==',NULL),(10,'rO0ABXNyABFqYXZhLnV0aWwuSGFzaE1hcAUH2sHDFmDRAwACRgAKbG9hZEZhY3RvckkACXRocmVzaG9sZHhwP0AAAAAAAAx3CAAAABAAAAABdAANYmF0Y2gudmVyc2lvbnQABTUuMS4yeA==',NULL),(11,'rO0ABXNyABFqYXZhLnV0aWwuSGFzaE1hcAUH2sHDFmDRAwACRgAKbG9hZEZhY3RvckkACXRocmVzaG9sZHhwP0AAAAAAAAx3CAAAABAAAAABdAANYmF0Y2gudmVyc2lvbnQABTUuMS4yeA==',NULL),(12,'rO0ABXNyABFqYXZhLnV0aWwuSGFzaE1hcAUH2sHDFmDRAwACRgAKbG9hZEZhY3RvckkACXRocmVzaG9sZHhwP0AAAAAAAAx3CAAAABAAAAABdAANYmF0Y2gudmVyc2lvbnQABTUuMS4yeA==',NULL),(13,'rO0ABXNyABFqYXZhLnV0aWwuSGFzaE1hcAUH2sHDFmDRAwACRgAKbG9hZEZhY3RvckkACXRocmVzaG9sZHhwP0AAAAAAAAx3CAAAABAAAAABdAANYmF0Y2gudmVyc2lvbnQABTUuMS4yeA==',NULL),(14,'rO0ABXNyABFqYXZhLnV0aWwuSGFzaE1hcAUH2sHDFmDRAwACRgAKbG9hZEZhY3RvckkACXRocmVzaG9sZHhwP0AAAAAAAAx3CAAAABAAAAABdAANYmF0Y2gudmVyc2lvbnQABTUuMS4yeA==',NULL),(15,'rO0ABXNyABFqYXZhLnV0aWwuSGFzaE1hcAUH2sHDFmDRAwACRgAKbG9hZEZhY3RvckkACXRocmVzaG9sZHhwP0AAAAAAAAx3CAAAABAAAAABdAANYmF0Y2gudmVyc2lvbnQABTUuMS4yeA==',NULL),(16,'rO0ABXNyABFqYXZhLnV0aWwuSGFzaE1hcAUH2sHDFmDRAwACRgAKbG9hZEZhY3RvckkACXRocmVzaG9sZHhwP0AAAAAAAAx3CAAAABAAAAABdAANYmF0Y2gudmVyc2lvbnQABTUuMS4yeA==',NULL),(17,'rO0ABXNyABFqYXZhLnV0aWwuSGFzaE1hcAUH2sHDFmDRAwACRgAKbG9hZEZhY3RvckkACXRocmVzaG9sZHhwP0AAAAAAAAx3CAAAABAAAAABdAANYmF0Y2gudmVyc2lvbnQABTUuMS4yeA==',NULL),(18,'rO0ABXNyABFqYXZhLnV0aWwuSGFzaE1hcAUH2sHDFmDRAwACRgAKbG9hZEZhY3RvckkACXRocmVzaG9sZHhwP0AAAAAAAAx3CAAAABAAAAABdAANYmF0Y2gudmVyc2lvbnQABTUuMS4yeA==',NULL),(19,'rO0ABXNyABFqYXZhLnV0aWwuSGFzaE1hcAUH2sHDFmDRAwACRgAKbG9hZEZhY3RvckkACXRocmVzaG9sZHhwP0AAAAAAAAx3CAAAABAAAAABdAANYmF0Y2gudmVyc2lvbnQABTUuMS4yeA==',NULL),(20,'rO0ABXNyABFqYXZhLnV0aWwuSGFzaE1hcAUH2sHDFmDRAwACRgAKbG9hZEZhY3RvckkACXRocmVzaG9sZHhwP0AAAAAAAAx3CAAAABAAAAABdAANYmF0Y2gudmVyc2lvbnQABTUuMS4yeA==',NULL),(21,'rO0ABXNyABFqYXZhLnV0aWwuSGFzaE1hcAUH2sHDFmDRAwACRgAKbG9hZEZhY3RvckkACXRocmVzaG9sZHhwP0AAAAAAAAx3CAAAABAAAAABdAANYmF0Y2gudmVyc2lvbnQABTUuMS4yeA==',NULL),(22,'rO0ABXNyABFqYXZhLnV0aWwuSGFzaE1hcAUH2sHDFmDRAwACRgAKbG9hZEZhY3RvckkACXRocmVzaG9sZHhwP0AAAAAAAAx3CAAAABAAAAABdAANYmF0Y2gudmVyc2lvbnQABTUuMS4yeA==',NULL),(23,'rO0ABXNyABFqYXZhLnV0aWwuSGFzaE1hcAUH2sHDFmDRAwACRgAKbG9hZEZhY3RvckkACXRocmVzaG9sZHhwP0AAAAAAAAx3CAAAABAAAAABdAANYmF0Y2gudmVyc2lvbnQABTUuMS4yeA==',NULL);
/*!40000 ALTER TABLE `BATCH_JOB_EXECUTION_CONTEXT` ENABLE KEYS */;
UNLOCK TABLES;

--
-- Table structure for table `BATCH_JOB_EXECUTION_PARAMS`
--

DROP TABLE IF EXISTS `BATCH_JOB_EXECUTION_PARAMS`;
/*!40101 SET @saved_cs_client     = @@character_set_client */;
/*!50503 SET character_set_client = utf8mb4 */;
CREATE TABLE `BATCH_JOB_EXECUTION_PARAMS` (
  `JOB_EXECUTION_ID` bigint NOT NULL,
  `PARAMETER_NAME` varchar(100) NOT NULL,
  `PARAMETER_TYPE` varchar(100) NOT NULL,
  `PARAMETER_VALUE` varchar(2500) DEFAULT NULL,
  `IDENTIFYING` char(1) NOT NULL,
  KEY `JOB_EXEC_PARAMS_FK` (`JOB_EXECUTION_ID`),
  CONSTRAINT `JOB_EXEC_PARAMS_FK` FOREIGN KEY (`JOB_EXECUTION_ID`) REFERENCES `BATCH_JOB_EXECUTION` (`JOB_EXECUTION_ID`)
) ENGINE=InnoDB DEFAULT CHARSET=utf8mb4 COLLATE=utf8mb4_0900_ai_ci;
/*!40101 SET character_set_client = @saved_cs_client */;

--
-- Dumping data for table `BATCH_JOB_EXECUTION_PARAMS`
--

LOCK TABLES `BATCH_JOB_EXECUTION_PARAMS` WRITE;
/*!40000 ALTER TABLE `BATCH_JOB_EXECUTION_PARAMS` DISABLE KEYS */;
INSERT INTO `BATCH_JOB_EXECUTION_PARAMS` VALUES (1,'runDate','java.util.Date','2024-08-15T10:00:00.001Z','Y'),(2,'runDate','java.util.Date','2024-08-15T10:10:00.001Z','Y'),(3,'runDate','java.util.Date','2024-08-15T10:20:00.003Z','Y'),(4,'runDate','java.util.Date','2024-08-15T10:30:00.001Z','Y'),(5,'runDate','java.util.Date','2024-08-15T10:40:00.001Z','Y'),(6,'runDate','java.util.Date','2024-08-15T10:50:00.002Z','Y'),(7,'runDate','java.util.Date','2024-08-15T11:00:00.001Z','Y'),(8,'runDate','java.util.Date','2024-08-15T11:10:00.002Z','Y'),(9,'runDate','java.util.Date','2024-08-15T11:20:00.004Z','Y'),(10,'runDate','java.util.Date','2024-08-15T11:30:00.001Z','Y'),(11,'runDate','java.util.Date','2024-08-15T11:40:00.004Z','Y'),(12,'runDate','java.util.Date','2024-08-15T11:50:00Z','Y'),(13,'runDate','java.util.Date','2024-08-15T12:00:00Z','Y'),(14,'runDate','java.util.Date','2024-08-15T12:10:00Z','Y'),(15,'runDate','java.util.Date','2024-08-15T12:20:00Z','Y'),(16,'runDate','java.util.Date','2024-08-15T12:30:00Z','Y'),(17,'runDate','java.util.Date','2024-08-15T12:40:00Z','Y'),(18,'runDate','java.util.Date','2024-08-15T18:00:00.002Z','Y'),(19,'runDate','java.util.Date','2024-08-15T23:00:00Z','Y'),(20,'runDate','java.util.Date','2024-08-16T18:00:00Z','Y'),(21,'runDate','java.util.Date','2024-08-16T23:00:00Z','Y'),(22,'runDate','java.util.Date','2024-08-17T18:00:00Z','Y'),(23,'runDate','java.util.Date','2024-08-17T23:00:00Z','Y');
/*!40000 ALTER TABLE `BATCH_JOB_EXECUTION_PARAMS` ENABLE KEYS */;
UNLOCK TABLES;

--
-- Table structure for table `BATCH_JOB_EXECUTION_SEQ`
--

DROP TABLE IF EXISTS `BATCH_JOB_EXECUTION_SEQ`;
/*!40101 SET @saved_cs_client     = @@character_set_client */;
/*!50503 SET character_set_client = utf8mb4 */;
CREATE TABLE `BATCH_JOB_EXECUTION_SEQ` (
  `ID` bigint NOT NULL,
  PRIMARY KEY (`ID`)
) ENGINE=InnoDB DEFAULT CHARSET=utf8mb4 COLLATE=utf8mb4_0900_ai_ci;
/*!40101 SET character_set_client = @saved_cs_client */;

--
-- Dumping data for table `BATCH_JOB_EXECUTION_SEQ`
--

LOCK TABLES `BATCH_JOB_EXECUTION_SEQ` WRITE;
/*!40000 ALTER TABLE `BATCH_JOB_EXECUTION_SEQ` DISABLE KEYS */;
INSERT INTO `BATCH_JOB_EXECUTION_SEQ` VALUES (23);
/*!40000 ALTER TABLE `BATCH_JOB_EXECUTION_SEQ` ENABLE KEYS */;
UNLOCK TABLES;

--
-- Table structure for table `BATCH_JOB_INSTANCE`
--

DROP TABLE IF EXISTS `BATCH_JOB_INSTANCE`;
/*!40101 SET @saved_cs_client     = @@character_set_client */;
/*!50503 SET character_set_client = utf8mb4 */;
CREATE TABLE `BATCH_JOB_INSTANCE` (
  `JOB_INSTANCE_ID` bigint NOT NULL,
  `VERSION` bigint DEFAULT NULL,
  `JOB_NAME` varchar(100) NOT NULL,
  `JOB_KEY` varchar(32) NOT NULL,
  PRIMARY KEY (`JOB_INSTANCE_ID`),
  UNIQUE KEY `JOB_INST_UN` (`JOB_NAME`,`JOB_KEY`)
) ENGINE=InnoDB DEFAULT CHARSET=utf8mb4 COLLATE=utf8mb4_0900_ai_ci;
/*!40101 SET character_set_client = @saved_cs_client */;

--
-- Dumping data for table `BATCH_JOB_INSTANCE`
--

LOCK TABLES `BATCH_JOB_INSTANCE` WRITE;
/*!40000 ALTER TABLE `BATCH_JOB_INSTANCE` DISABLE KEYS */;
INSERT INTO `BATCH_JOB_INSTANCE` VALUES (1,0,'plantExpJob','a15fd3745e611a43b5b2a03966a6665b'),(2,0,'plantExpJob','b759a443b66826b1ab68c24c83214523'),(4,0,'plantExpJob','e08752ff1053bf362a9952ba73433363'),(6,0,'plantExpJob','e68dc62f27337942b2eea909707fa716'),(8,0,'plantExpJob','ebc4f536ec438a40b4065748452eb75a'),(9,0,'plantExpJob','3499c44ec480fadb54dd7a80878269c4'),(11,0,'plantExpJob','b3b5407d10d0e9019dbb8f0dc9417ad4'),(13,0,'plantExpJob','d0bf90eb06374939a21063a43c0d2c2c'),(14,0,'plantExpJob','3221fdf75f528ded82b1b0b4cf93031b'),(16,0,'plantExpJob','1e4e99e9968fb67842622f88094cadda'),(17,0,'plantExpJob','4068c2d71516dec47816ba85c9d5effc'),(19,0,'plantExpJob','772cf012e5145a92816b775a93bf1cb4'),(20,0,'plantExpJob','ade65a958c12bb548b7d6ac33ac453b4'),(21,0,'plantExpJob','bdf8393d6ed6032c0706c725a2a0802a'),(22,0,'plantExpJob','e8d6937dc893ecc22b4786ba37b58c90'),(23,0,'plantExpJob','fe427dd1c1c1dc3d60b920d48cf68bb8'),(24,0,'plantExpJob','ec145a72c6501a4a5ae56a5103dbfd90'),(25,0,'plantwalkJob','a9f1edc28367640d88dae31ed336dab4'),(27,0,'calendarJob','0289b7ce9a38eeac5bcf1a24c293431a'),(29,0,'plantwalkJob','6c56bbfefc445f92bfc2730ad007c124'),(30,0,'calendarJob','ab2689ab2cc12f7dc6119e492421f87d'),(32,0,'plantwalkJob','ae7f7a98e6c1c34d9bf94667152394c6'),(34,0,'calendarJob','61fcd00aa0a0add3e0f4868b6d4246c2');
/*!40000 ALTER TABLE `BATCH_JOB_INSTANCE` ENABLE KEYS */;
UNLOCK TABLES;

--
-- Table structure for table `BATCH_JOB_SEQ`
--

DROP TABLE IF EXISTS `BATCH_JOB_SEQ`;
/*!40101 SET @saved_cs_client     = @@character_set_client */;
/*!50503 SET character_set_client = utf8mb4 */;
CREATE TABLE `BATCH_JOB_SEQ` (
  `ID` bigint NOT NULL,
  PRIMARY KEY (`ID`)
) ENGINE=InnoDB DEFAULT CHARSET=utf8mb4 COLLATE=utf8mb4_0900_ai_ci;
/*!40101 SET character_set_client = @saved_cs_client */;

--
-- Dumping data for table `BATCH_JOB_SEQ`
--

LOCK TABLES `BATCH_JOB_SEQ` WRITE;
/*!40000 ALTER TABLE `BATCH_JOB_SEQ` DISABLE KEYS */;
INSERT INTO `BATCH_JOB_SEQ` VALUES (35);
/*!40000 ALTER TABLE `BATCH_JOB_SEQ` ENABLE KEYS */;
UNLOCK TABLES;

--
-- Table structure for table `BATCH_STEP_EXECUTION`
--

DROP TABLE IF EXISTS `BATCH_STEP_EXECUTION`;
/*!40101 SET @saved_cs_client     = @@character_set_client */;
/*!50503 SET character_set_client = utf8mb4 */;
CREATE TABLE `BATCH_STEP_EXECUTION` (
  `STEP_EXECUTION_ID` bigint NOT NULL,
  `VERSION` bigint NOT NULL,
  `STEP_NAME` varchar(100) NOT NULL,
  `JOB_EXECUTION_ID` bigint NOT NULL,
  `CREATE_TIME` timestamp NOT NULL,
  `START_TIME` timestamp NULL DEFAULT NULL,
  `END_TIME` timestamp NULL DEFAULT NULL,
  `STATUS` varchar(10) DEFAULT NULL,
  `COMMIT_COUNT` bigint DEFAULT NULL,
  `READ_COUNT` bigint DEFAULT NULL,
  `FILTER_COUNT` bigint DEFAULT NULL,
  `WRITE_COUNT` bigint DEFAULT NULL,
  `READ_SKIP_COUNT` bigint DEFAULT NULL,
  `WRITE_SKIP_COUNT` bigint DEFAULT NULL,
  `PROCESS_SKIP_COUNT` bigint DEFAULT NULL,
  `ROLLBACK_COUNT` bigint DEFAULT NULL,
  `EXIT_CODE` varchar(2500) DEFAULT NULL,
  `EXIT_MESSAGE` varchar(2500) DEFAULT NULL,
  `LAST_UPDATED` timestamp NULL DEFAULT NULL,
  PRIMARY KEY (`STEP_EXECUTION_ID`),
  KEY `JOB_EXEC_STEP_FK` (`JOB_EXECUTION_ID`),
  CONSTRAINT `JOB_EXEC_STEP_FK` FOREIGN KEY (`JOB_EXECUTION_ID`) REFERENCES `BATCH_JOB_EXECUTION` (`JOB_EXECUTION_ID`)
) ENGINE=InnoDB DEFAULT CHARSET=utf8mb4 COLLATE=utf8mb4_0900_ai_ci;
/*!40101 SET character_set_client = @saved_cs_client */;

--
-- Dumping data for table `BATCH_STEP_EXECUTION`
--

LOCK TABLES `BATCH_STEP_EXECUTION` WRITE;
/*!40000 ALTER TABLE `BATCH_STEP_EXECUTION` DISABLE KEYS */;
INSERT INTO `BATCH_STEP_EXECUTION` VALUES (1,3,'rankStep',1,'2024-08-15 10:00:00','2024-08-15 10:00:00','2024-08-15 10:00:00','COMPLETED',1,0,0,0,0,0,0,0,'COMPLETED','','2024-08-15 10:00:00'),(2,3,'plantStep',1,'2024-08-15 10:00:00','2024-08-15 10:00:00','2024-08-15 10:00:00','COMPLETED',1,0,0,0,0,0,0,0,'COMPLETED','','2024-08-15 10:00:00'),(3,3,'rankStep',2,'2024-08-15 10:10:00','2024-08-15 10:10:00','2024-08-15 10:10:00','COMPLETED',1,4,0,4,0,0,0,0,'COMPLETED','','2024-08-15 10:10:00'),(4,3,'plantStep',2,'2024-08-15 10:10:00','2024-08-15 10:10:00','2024-08-15 10:10:00','COMPLETED',1,1,0,1,0,0,0,0,'COMPLETED','','2024-08-15 10:10:00'),(5,3,'rankStep',3,'2024-08-15 10:20:00','2024-08-15 10:20:00','2024-08-15 10:20:00','COMPLETED',1,7,0,7,0,0,0,0,'COMPLETED','','2024-08-15 10:20:00'),(6,3,'plantStep',3,'2024-08-15 10:20:00','2024-08-15 10:20:00','2024-08-15 10:20:00','COMPLETED',1,2,0,2,0,0,0,0,'COMPLETED','','2024-08-15 10:20:00'),(7,3,'rankStep',4,'2024-08-15 10:30:00','2024-08-15 10:30:00','2024-08-15 10:30:00','COMPLETED',1,0,0,0,0,0,0,0,'COMPLETED','','2024-08-15 10:30:00'),(8,3,'plantStep',4,'2024-08-15 10:30:00','2024-08-15 10:30:00','2024-08-15 10:30:00','COMPLETED',1,0,0,0,0,0,0,0,'COMPLETED','','2024-08-15 10:30:00'),(9,3,'rankStep',5,'2024-08-15 10:40:00','2024-08-15 10:40:00','2024-08-15 10:40:00','COMPLETED',1,8,0,8,0,0,0,0,'COMPLETED','','2024-08-15 10:40:00'),(10,3,'plantStep',5,'2024-08-15 10:40:00','2024-08-15 10:40:00','2024-08-15 10:40:00','COMPLETED',1,2,0,2,0,0,0,0,'COMPLETED','','2024-08-15 10:40:00'),(11,3,'rankStep',6,'2024-08-15 10:50:00','2024-08-15 10:50:00','2024-08-15 10:50:00','COMPLETED',1,9,0,9,0,0,0,0,'COMPLETED','','2024-08-15 10:50:00'),(12,3,'plantStep',6,'2024-08-15 10:50:00','2024-08-15 10:50:00','2024-08-15 10:50:00','COMPLETED',1,3,1,2,0,0,0,0,'COMPLETED','','2024-08-15 10:50:00'),(13,3,'rankStep',7,'2024-08-15 11:00:00','2024-08-15 11:00:00','2024-08-15 11:00:00','COMPLETED',1,9,0,9,0,0,0,0,'COMPLETED','','2024-08-15 11:00:00'),(14,3,'plantStep',7,'2024-08-15 11:00:00','2024-08-15 11:00:00','2024-08-15 11:00:00','COMPLETED',1,3,2,1,0,0,0,0,'COMPLETED','','2024-08-15 11:00:00'),(15,3,'rankStep',8,'2024-08-15 11:10:00','2024-08-15 11:10:00','2024-08-15 11:10:00','COMPLETED',1,0,0,0,0,0,0,0,'COMPLETED','','2024-08-15 11:10:00'),(16,3,'plantStep',8,'2024-08-15 11:10:00','2024-08-15 11:10:00','2024-08-15 11:10:00','COMPLETED',1,0,0,0,0,0,0,0,'COMPLETED','','2024-08-15 11:10:00'),(17,4,'rankStep',9,'2024-08-15 11:20:00','2024-08-15 11:20:00','2024-08-15 11:20:00','COMPLETED',2,12,0,12,0,0,0,0,'COMPLETED','','2024-08-15 11:20:00'),(18,3,'plantStep',9,'2024-08-15 11:20:00','2024-08-15 11:20:00','2024-08-15 11:20:00','COMPLETED',1,4,2,2,0,0,0,0,'COMPLETED','','2024-08-15 11:20:00'),(19,3,'rankStep',10,'2024-08-15 11:30:00','2024-08-15 11:30:00','2024-08-15 11:30:00','COMPLETED',1,0,0,0,0,0,0,0,'COMPLETED','','2024-08-15 11:30:00'),(20,3,'plantStep',10,'2024-08-15 11:30:00','2024-08-15 11:30:00','2024-08-15 11:30:00','COMPLETED',1,0,0,0,0,0,0,0,'COMPLETED','','2024-08-15 11:30:00'),(21,4,'rankStep',11,'2024-08-15 11:40:00','2024-08-15 11:40:00','2024-08-15 11:40:00','COMPLETED',2,12,0,12,0,0,0,0,'COMPLETED','','2024-08-15 11:40:00'),(22,3,'plantStep',11,'2024-08-15 11:40:00','2024-08-15 11:40:00','2024-08-15 11:40:00','COMPLETED',1,4,3,1,0,0,0,0,'COMPLETED','','2024-08-15 11:40:00'),(23,4,'rankStep',12,'2024-08-15 11:50:00','2024-08-15 11:50:00','2024-08-15 11:50:00','COMPLETED',2,12,0,12,0,0,0,0,'COMPLETED','','2024-08-15 11:50:00'),(24,3,'plantStep',12,'2024-08-15 11:50:00','2024-08-15 11:50:00','2024-08-15 11:50:00','COMPLETED',1,4,3,1,0,0,0,0,'COMPLETED','','2024-08-15 11:50:00'),(25,4,'rankStep',13,'2024-08-15 12:00:00','2024-08-15 12:00:00','2024-08-15 12:00:00','COMPLETED',2,12,0,12,0,0,0,0,'COMPLETED','','2024-08-15 12:00:00'),(26,3,'plantStep',13,'2024-08-15 12:00:00','2024-08-15 12:00:00','2024-08-15 12:00:00','COMPLETED',1,4,3,1,0,0,0,0,'COMPLETED','','2024-08-15 12:00:00'),(27,3,'rankStep',14,'2024-08-15 12:10:00','2024-08-15 12:10:00','2024-08-15 12:10:00','COMPLETED',1,0,0,0,0,0,0,0,'COMPLETED','','2024-08-15 12:10:00'),(28,3,'plantStep',14,'2024-08-15 12:10:00','2024-08-15 12:10:00','2024-08-15 12:10:00','COMPLETED',1,0,0,0,0,0,0,0,'COMPLETED','','2024-08-15 12:10:00'),(29,3,'rankStep',15,'2024-08-15 12:20:00','2024-08-15 12:20:00','2024-08-15 12:20:00','COMPLETED',1,0,0,0,0,0,0,0,'COMPLETED','','2024-08-15 12:20:00'),(30,3,'plantStep',15,'2024-08-15 12:20:00','2024-08-15 12:20:00','2024-08-15 12:20:00','COMPLETED',1,0,0,0,0,0,0,0,'COMPLETED','','2024-08-15 12:20:00'),(31,3,'rankStep',16,'2024-08-15 12:30:00','2024-08-15 12:30:00','2024-08-15 12:30:00','COMPLETED',1,0,0,0,0,0,0,0,'COMPLETED','','2024-08-15 12:30:00'),(32,3,'plantStep',16,'2024-08-15 12:30:00','2024-08-15 12:30:00','2024-08-15 12:30:00','COMPLETED',1,0,0,0,0,0,0,0,'COMPLETED','','2024-08-15 12:30:00'),(33,3,'rankStep',17,'2024-08-15 12:40:00','2024-08-15 12:40:00','2024-08-15 12:40:00','COMPLETED',1,0,0,0,0,0,0,0,'COMPLETED','','2024-08-15 12:40:00'),(34,3,'plantStep',17,'2024-08-15 12:40:00','2024-08-15 12:40:00','2024-08-15 12:40:00','COMPLETED',1,0,0,0,0,0,0,0,'COMPLETED','','2024-08-15 12:40:00'),(35,3,'plantwalkStep',18,'2024-08-15 18:00:00','2024-08-15 18:00:00','2024-08-15 18:00:00','COMPLETED',1,1,0,1,0,0,0,0,'COMPLETED','','2024-08-15 18:00:00'),(36,3,'calendarStep',19,'2024-08-15 23:00:00','2024-08-15 23:00:00','2024-08-15 23:00:02','COMPLETED',1,4,0,4,0,0,0,0,'COMPLETED','','2024-08-15 23:00:02'),(37,3,'plantwalkStep',20,'2024-08-16 18:00:00','2024-08-16 18:00:00','2024-08-16 18:00:00','COMPLETED',1,2,0,2,0,0,0,0,'COMPLETED','','2024-08-16 18:00:00'),(38,3,'calendarStep',21,'2024-08-16 23:00:00','2024-08-16 23:00:00','2024-08-16 23:00:00','COMPLETED',1,0,0,0,0,0,0,0,'COMPLETED','','2024-08-16 23:00:00'),(39,3,'plantwalkStep',22,'2024-08-17 18:00:00','2024-08-17 18:00:00','2024-08-17 18:00:00','COMPLETED',1,0,0,0,0,0,0,0,'COMPLETED','','2024-08-17 18:00:00'),(40,3,'calendarStep',23,'2024-08-17 23:00:00','2024-08-17 23:00:00','2024-08-17 23:00:00','COMPLETED',1,0,0,0,0,0,0,0,'COMPLETED','','2024-08-17 23:00:00');
/*!40000 ALTER TABLE `BATCH_STEP_EXECUTION` ENABLE KEYS */;
UNLOCK TABLES;

--
-- Table structure for table `BATCH_STEP_EXECUTION_CONTEXT`
--

DROP TABLE IF EXISTS `BATCH_STEP_EXECUTION_CONTEXT`;
/*!40101 SET @saved_cs_client     = @@character_set_client */;
/*!50503 SET character_set_client = utf8mb4 */;
CREATE TABLE `BATCH_STEP_EXECUTION_CONTEXT` (
  `STEP_EXECUTION_ID` bigint NOT NULL,
  `SHORT_CONTEXT` varchar(2500) NOT NULL,
  `SERIALIZED_CONTEXT` text,
  PRIMARY KEY (`STEP_EXECUTION_ID`),
  CONSTRAINT `STEP_EXEC_CTX_FK` FOREIGN KEY (`STEP_EXECUTION_ID`) REFERENCES `BATCH_STEP_EXECUTION` (`STEP_EXECUTION_ID`)
) ENGINE=InnoDB DEFAULT CHARSET=utf8mb4 COLLATE=utf8mb4_0900_ai_ci;
/*!40101 SET character_set_client = @saved_cs_client */;

--
-- Dumping data for table `BATCH_STEP_EXECUTION_CONTEXT`
--

LOCK TABLES `BATCH_STEP_EXECUTION_CONTEXT` WRITE;
/*!40000 ALTER TABLE `BATCH_STEP_EXECUTION_CONTEXT` DISABLE KEYS */;
INSERT INTO `BATCH_STEP_EXECUTION_CONTEXT` VALUES (1,'rO0ABXNyABFqYXZhLnV0aWwuSGFzaE1hcAUH2sHDFmDRAwACRgAKbG9hZEZhY3RvckkACXRocmVzaG9sZHhwP0AAAAAAAAx3CAAAABAAAAADdAARYmF0Y2gudGFza2xldFR5cGV0AD1vcmcuc3ByaW5nZnJhbWV3b3JrLmJhdGNoLmNvcmUuc3RlcC5pdGVtLkNodW5rT3JpZW50ZWRUYXNrbGV0dAANYmF0Y2gudmVyc2lvbnQABTUuMS4ydAAOYmF0Y2guc3RlcFR5cGV0ADdvcmcuc3ByaW5nZnJhbWV3b3JrLmJhdGNoLmNvcmUuc3RlcC50YXNrbGV0LlRhc2tsZXRTdGVweA==',NULL),(2,'rO0ABXNyABFqYXZhLnV0aWwuSGFzaE1hcAUH2sHDFmDRAwACRgAKbG9hZEZhY3RvckkACXRocmVzaG9sZHhwP0AAAAAAAAx3CAAAABAAAAADdAARYmF0Y2gudGFza2xldFR5cGV0AD1vcmcuc3ByaW5nZnJhbWV3b3JrLmJhdGNoLmNvcmUuc3RlcC5pdGVtLkNodW5rT3JpZW50ZWRUYXNrbGV0dAANYmF0Y2gudmVyc2lvbnQABTUuMS4ydAAOYmF0Y2guc3RlcFR5cGV0ADdvcmcuc3ByaW5nZnJhbWV3b3JrLmJhdGNoLmNvcmUuc3RlcC50YXNrbGV0LlRhc2tsZXRTdGVweA==',NULL),(3,'rO0ABXNyABFqYXZhLnV0aWwuSGFzaE1hcAUH2sHDFmDRAwACRgAKbG9hZEZhY3RvckkACXRocmVzaG9sZHhwP0AAAAAAAAx3CAAAABAAAAADdAARYmF0Y2gudGFza2xldFR5cGV0AD1vcmcuc3ByaW5nZnJhbWV3b3JrLmJhdGNoLmNvcmUuc3RlcC5pdGVtLkNodW5rT3JpZW50ZWRUYXNrbGV0dAANYmF0Y2gudmVyc2lvbnQABTUuMS4ydAAOYmF0Y2guc3RlcFR5cGV0ADdvcmcuc3ByaW5nZnJhbWV3b3JrLmJhdGNoLmNvcmUuc3RlcC50YXNrbGV0LlRhc2tsZXRTdGVweA==',NULL),(4,'rO0ABXNyABFqYXZhLnV0aWwuSGFzaE1hcAUH2sHDFmDRAwACRgAKbG9hZEZhY3RvckkACXRocmVzaG9sZHhwP0AAAAAAAAx3CAAAABAAAAADdAARYmF0Y2gudGFza2xldFR5cGV0AD1vcmcuc3ByaW5nZnJhbWV3b3JrLmJhdGNoLmNvcmUuc3RlcC5pdGVtLkNodW5rT3JpZW50ZWRUYXNrbGV0dAANYmF0Y2gudmVyc2lvbnQABTUuMS4ydAAOYmF0Y2guc3RlcFR5cGV0ADdvcmcuc3ByaW5nZnJhbWV3b3JrLmJhdGNoLmNvcmUuc3RlcC50YXNrbGV0LlRhc2tsZXRTdGVweA==',NULL),(5,'rO0ABXNyABFqYXZhLnV0aWwuSGFzaE1hcAUH2sHDFmDRAwACRgAKbG9hZEZhY3RvckkACXRocmVzaG9sZHhwP0AAAAAAAAx3CAAAABAAAAADdAARYmF0Y2gudGFza2xldFR5cGV0AD1vcmcuc3ByaW5nZnJhbWV3b3JrLmJhdGNoLmNvcmUuc3RlcC5pdGVtLkNodW5rT3JpZW50ZWRUYXNrbGV0dAANYmF0Y2gudmVyc2lvbnQABTUuMS4ydAAOYmF0Y2guc3RlcFR5cGV0ADdvcmcuc3ByaW5nZnJhbWV3b3JrLmJhdGNoLmNvcmUuc3RlcC50YXNrbGV0LlRhc2tsZXRTdGVweA==',NULL),(6,'rO0ABXNyABFqYXZhLnV0aWwuSGFzaE1hcAUH2sHDFmDRAwACRgAKbG9hZEZhY3RvckkACXRocmVzaG9sZHhwP0AAAAAAAAx3CAAAABAAAAADdAARYmF0Y2gudGFza2xldFR5cGV0AD1vcmcuc3ByaW5nZnJhbWV3b3JrLmJhdGNoLmNvcmUuc3RlcC5pdGVtLkNodW5rT3JpZW50ZWRUYXNrbGV0dAANYmF0Y2gudmVyc2lvbnQABTUuMS4ydAAOYmF0Y2guc3RlcFR5cGV0ADdvcmcuc3ByaW5nZnJhbWV3b3JrLmJhdGNoLmNvcmUuc3RlcC50YXNrbGV0LlRhc2tsZXRTdGVweA==',NULL),(7,'rO0ABXNyABFqYXZhLnV0aWwuSGFzaE1hcAUH2sHDFmDRAwACRgAKbG9hZEZhY3RvckkACXRocmVzaG9sZHhwP0AAAAAAAAx3CAAAABAAAAADdAARYmF0Y2gudGFza2xldFR5cGV0AD1vcmcuc3ByaW5nZnJhbWV3b3JrLmJhdGNoLmNvcmUuc3RlcC5pdGVtLkNodW5rT3JpZW50ZWRUYXNrbGV0dAANYmF0Y2gudmVyc2lvbnQABTUuMS4ydAAOYmF0Y2guc3RlcFR5cGV0ADdvcmcuc3ByaW5nZnJhbWV3b3JrLmJhdGNoLmNvcmUuc3RlcC50YXNrbGV0LlRhc2tsZXRTdGVweA==',NULL),(8,'rO0ABXNyABFqYXZhLnV0aWwuSGFzaE1hcAUH2sHDFmDRAwACRgAKbG9hZEZhY3RvckkACXRocmVzaG9sZHhwP0AAAAAAAAx3CAAAABAAAAADdAARYmF0Y2gudGFza2xldFR5cGV0AD1vcmcuc3ByaW5nZnJhbWV3b3JrLmJhdGNoLmNvcmUuc3RlcC5pdGVtLkNodW5rT3JpZW50ZWRUYXNrbGV0dAANYmF0Y2gudmVyc2lvbnQABTUuMS4ydAAOYmF0Y2guc3RlcFR5cGV0ADdvcmcuc3ByaW5nZnJhbWV3b3JrLmJhdGNoLmNvcmUuc3RlcC50YXNrbGV0LlRhc2tsZXRTdGVweA==',NULL),(9,'rO0ABXNyABFqYXZhLnV0aWwuSGFzaE1hcAUH2sHDFmDRAwACRgAKbG9hZEZhY3RvckkACXRocmVzaG9sZHhwP0AAAAAAAAx3CAAAABAAAAADdAARYmF0Y2gudGFza2xldFR5cGV0AD1vcmcuc3ByaW5nZnJhbWV3b3JrLmJhdGNoLmNvcmUuc3RlcC5pdGVtLkNodW5rT3JpZW50ZWRUYXNrbGV0dAANYmF0Y2gudmVyc2lvbnQABTUuMS4ydAAOYmF0Y2guc3RlcFR5cGV0ADdvcmcuc3ByaW5nZnJhbWV3b3JrLmJhdGNoLmNvcmUuc3RlcC50YXNrbGV0LlRhc2tsZXRTdGVweA==',NULL),(10,'rO0ABXNyABFqYXZhLnV0aWwuSGFzaE1hcAUH2sHDFmDRAwACRgAKbG9hZEZhY3RvckkACXRocmVzaG9sZHhwP0AAAAAAAAx3CAAAABAAAAADdAARYmF0Y2gudGFza2xldFR5cGV0AD1vcmcuc3ByaW5nZnJhbWV3b3JrLmJhdGNoLmNvcmUuc3RlcC5pdGVtLkNodW5rT3JpZW50ZWRUYXNrbGV0dAANYmF0Y2gudmVyc2lvbnQABTUuMS4ydAAOYmF0Y2guc3RlcFR5cGV0ADdvcmcuc3ByaW5nZnJhbWV3b3JrLmJhdGNoLmNvcmUuc3RlcC50YXNrbGV0LlRhc2tsZXRTdGVweA==',NULL),(11,'rO0ABXNyABFqYXZhLnV0aWwuSGFzaE1hcAUH2sHDFmDRAwACRgAKbG9hZEZhY3RvckkACXRocmVzaG9sZHhwP0AAAAAAAAx3CAAAABAAAAADdAARYmF0Y2gudGFza2xldFR5cGV0AD1vcmcuc3ByaW5nZnJhbWV3b3JrLmJhdGNoLmNvcmUuc3RlcC5pdGVtLkNodW5rT3JpZW50ZWRUYXNrbGV0dAANYmF0Y2gudmVyc2lvbnQABTUuMS4ydAAOYmF0Y2guc3RlcFR5cGV0ADdvcmcuc3ByaW5nZnJhbWV3b3JrLmJhdGNoLmNvcmUuc3RlcC50YXNrbGV0LlRhc2tsZXRTdGVweA==',NULL),(12,'rO0ABXNyABFqYXZhLnV0aWwuSGFzaE1hcAUH2sHDFmDRAwACRgAKbG9hZEZhY3RvckkACXRocmVzaG9sZHhwP0AAAAAAAAx3CAAAABAAAAADdAARYmF0Y2gudGFza2xldFR5cGV0AD1vcmcuc3ByaW5nZnJhbWV3b3JrLmJhdGNoLmNvcmUuc3RlcC5pdGVtLkNodW5rT3JpZW50ZWRUYXNrbGV0dAANYmF0Y2gudmVyc2lvbnQABTUuMS4ydAAOYmF0Y2guc3RlcFR5cGV0ADdvcmcuc3ByaW5nZnJhbWV3b3JrLmJhdGNoLmNvcmUuc3RlcC50YXNrbGV0LlRhc2tsZXRTdGVweA==',NULL),(13,'rO0ABXNyABFqYXZhLnV0aWwuSGFzaE1hcAUH2sHDFmDRAwACRgAKbG9hZEZhY3RvckkACXRocmVzaG9sZHhwP0AAAAAAAAx3CAAAABAAAAADdAARYmF0Y2gudGFza2xldFR5cGV0AD1vcmcuc3ByaW5nZnJhbWV3b3JrLmJhdGNoLmNvcmUuc3RlcC5pdGVtLkNodW5rT3JpZW50ZWRUYXNrbGV0dAANYmF0Y2gudmVyc2lvbnQABTUuMS4ydAAOYmF0Y2guc3RlcFR5cGV0ADdvcmcuc3ByaW5nZnJhbWV3b3JrLmJhdGNoLmNvcmUuc3RlcC50YXNrbGV0LlRhc2tsZXRTdGVweA==',NULL),(14,'rO0ABXNyABFqYXZhLnV0aWwuSGFzaE1hcAUH2sHDFmDRAwACRgAKbG9hZEZhY3RvckkACXRocmVzaG9sZHhwP0AAAAAAAAx3CAAAABAAAAADdAARYmF0Y2gudGFza2xldFR5cGV0AD1vcmcuc3ByaW5nZnJhbWV3b3JrLmJhdGNoLmNvcmUuc3RlcC5pdGVtLkNodW5rT3JpZW50ZWRUYXNrbGV0dAANYmF0Y2gudmVyc2lvbnQABTUuMS4ydAAOYmF0Y2guc3RlcFR5cGV0ADdvcmcuc3ByaW5nZnJhbWV3b3JrLmJhdGNoLmNvcmUuc3RlcC50YXNrbGV0LlRhc2tsZXRTdGVweA==',NULL),(15,'rO0ABXNyABFqYXZhLnV0aWwuSGFzaE1hcAUH2sHDFmDRAwACRgAKbG9hZEZhY3RvckkACXRocmVzaG9sZHhwP0AAAAAAAAx3CAAAABAAAAADdAARYmF0Y2gudGFza2xldFR5cGV0AD1vcmcuc3ByaW5nZnJhbWV3b3JrLmJhdGNoLmNvcmUuc3RlcC5pdGVtLkNodW5rT3JpZW50ZWRUYXNrbGV0dAANYmF0Y2gudmVyc2lvbnQABTUuMS4ydAAOYmF0Y2guc3RlcFR5cGV0ADdvcmcuc3ByaW5nZnJhbWV3b3JrLmJhdGNoLmNvcmUuc3RlcC50YXNrbGV0LlRhc2tsZXRTdGVweA==',NULL),(16,'rO0ABXNyABFqYXZhLnV0aWwuSGFzaE1hcAUH2sHDFmDRAwACRgAKbG9hZEZhY3RvckkACXRocmVzaG9sZHhwP0AAAAAAAAx3CAAAABAAAAADdAARYmF0Y2gudGFza2xldFR5cGV0AD1vcmcuc3ByaW5nZnJhbWV3b3JrLmJhdGNoLmNvcmUuc3RlcC5pdGVtLkNodW5rT3JpZW50ZWRUYXNrbGV0dAANYmF0Y2gudmVyc2lvbnQABTUuMS4ydAAOYmF0Y2guc3RlcFR5cGV0ADdvcmcuc3ByaW5nZnJhbWV3b3JrLmJhdGNoLmNvcmUuc3RlcC50YXNrbGV0LlRhc2tsZXRTdGVweA==',NULL),(17,'rO0ABXNyABFqYXZhLnV0aWwuSGFzaE1hcAUH2sHDFmDRAwACRgAKbG9hZEZhY3RvckkACXRocmVzaG9sZHhwP0AAAAAAAAx3CAAAABAAAAADdAARYmF0Y2gudGFza2xldFR5cGV0AD1vcmcuc3ByaW5nZnJhbWV3b3JrLmJhdGNoLmNvcmUuc3RlcC5pdGVtLkNodW5rT3JpZW50ZWRUYXNrbGV0dAANYmF0Y2gudmVyc2lvbnQABTUuMS4ydAAOYmF0Y2guc3RlcFR5cGV0ADdvcmcuc3ByaW5nZnJhbWV3b3JrLmJhdGNoLmNvcmUuc3RlcC50YXNrbGV0LlRhc2tsZXRTdGVweA==',NULL),(18,'rO0ABXNyABFqYXZhLnV0aWwuSGFzaE1hcAUH2sHDFmDRAwACRgAKbG9hZEZhY3RvckkACXRocmVzaG9sZHhwP0AAAAAAAAx3CAAAABAAAAADdAARYmF0Y2gudGFza2xldFR5cGV0AD1vcmcuc3ByaW5nZnJhbWV3b3JrLmJhdGNoLmNvcmUuc3RlcC5pdGVtLkNodW5rT3JpZW50ZWRUYXNrbGV0dAANYmF0Y2gudmVyc2lvbnQABTUuMS4ydAAOYmF0Y2guc3RlcFR5cGV0ADdvcmcuc3ByaW5nZnJhbWV3b3JrLmJhdGNoLmNvcmUuc3RlcC50YXNrbGV0LlRhc2tsZXRTdGVweA==',NULL),(19,'rO0ABXNyABFqYXZhLnV0aWwuSGFzaE1hcAUH2sHDFmDRAwACRgAKbG9hZEZhY3RvckkACXRocmVzaG9sZHhwP0AAAAAAAAx3CAAAABAAAAADdAARYmF0Y2gudGFza2xldFR5cGV0AD1vcmcuc3ByaW5nZnJhbWV3b3JrLmJhdGNoLmNvcmUuc3RlcC5pdGVtLkNodW5rT3JpZW50ZWRUYXNrbGV0dAANYmF0Y2gudmVyc2lvbnQABTUuMS4ydAAOYmF0Y2guc3RlcFR5cGV0ADdvcmcuc3ByaW5nZnJhbWV3b3JrLmJhdGNoLmNvcmUuc3RlcC50YXNrbGV0LlRhc2tsZXRTdGVweA==',NULL),(20,'rO0ABXNyABFqYXZhLnV0aWwuSGFzaE1hcAUH2sHDFmDRAwACRgAKbG9hZEZhY3RvckkACXRocmVzaG9sZHhwP0AAAAAAAAx3CAAAABAAAAADdAARYmF0Y2gudGFza2xldFR5cGV0AD1vcmcuc3ByaW5nZnJhbWV3b3JrLmJhdGNoLmNvcmUuc3RlcC5pdGVtLkNodW5rT3JpZW50ZWRUYXNrbGV0dAANYmF0Y2gudmVyc2lvbnQABTUuMS4ydAAOYmF0Y2guc3RlcFR5cGV0ADdvcmcuc3ByaW5nZnJhbWV3b3JrLmJhdGNoLmNvcmUuc3RlcC50YXNrbGV0LlRhc2tsZXRTdGVweA==',NULL),(21,'rO0ABXNyABFqYXZhLnV0aWwuSGFzaE1hcAUH2sHDFmDRAwACRgAKbG9hZEZhY3RvckkACXRocmVzaG9sZHhwP0AAAAAAAAx3CAAAABAAAAADdAARYmF0Y2gudGFza2xldFR5cGV0AD1vcmcuc3ByaW5nZnJhbWV3b3JrLmJhdGNoLmNvcmUuc3RlcC5pdGVtLkNodW5rT3JpZW50ZWRUYXNrbGV0dAANYmF0Y2gudmVyc2lvbnQABTUuMS4ydAAOYmF0Y2guc3RlcFR5cGV0ADdvcmcuc3ByaW5nZnJhbWV3b3JrLmJhdGNoLmNvcmUuc3RlcC50YXNrbGV0LlRhc2tsZXRTdGVweA==',NULL),(22,'rO0ABXNyABFqYXZhLnV0aWwuSGFzaE1hcAUH2sHDFmDRAwACRgAKbG9hZEZhY3RvckkACXRocmVzaG9sZHhwP0AAAAAAAAx3CAAAABAAAAADdAARYmF0Y2gudGFza2xldFR5cGV0AD1vcmcuc3ByaW5nZnJhbWV3b3JrLmJhdGNoLmNvcmUuc3RlcC5pdGVtLkNodW5rT3JpZW50ZWRUYXNrbGV0dAANYmF0Y2gudmVyc2lvbnQABTUuMS4ydAAOYmF0Y2guc3RlcFR5cGV0ADdvcmcuc3ByaW5nZnJhbWV3b3JrLmJhdGNoLmNvcmUuc3RlcC50YXNrbGV0LlRhc2tsZXRTdGVweA==',NULL),(23,'rO0ABXNyABFqYXZhLnV0aWwuSGFzaE1hcAUH2sHDFmDRAwACRgAKbG9hZEZhY3RvckkACXRocmVzaG9sZHhwP0AAAAAAAAx3CAAAABAAAAADdAARYmF0Y2gudGFza2xldFR5cGV0AD1vcmcuc3ByaW5nZnJhbWV3b3JrLmJhdGNoLmNvcmUuc3RlcC5pdGVtLkNodW5rT3JpZW50ZWRUYXNrbGV0dAANYmF0Y2gudmVyc2lvbnQABTUuMS4ydAAOYmF0Y2guc3RlcFR5cGV0ADdvcmcuc3ByaW5nZnJhbWV3b3JrLmJhdGNoLmNvcmUuc3RlcC50YXNrbGV0LlRhc2tsZXRTdGVweA==',NULL),(24,'rO0ABXNyABFqYXZhLnV0aWwuSGFzaE1hcAUH2sHDFmDRAwACRgAKbG9hZEZhY3RvckkACXRocmVzaG9sZHhwP0AAAAAAAAx3CAAAABAAAAADdAARYmF0Y2gudGFza2xldFR5cGV0AD1vcmcuc3ByaW5nZnJhbWV3b3JrLmJhdGNoLmNvcmUuc3RlcC5pdGVtLkNodW5rT3JpZW50ZWRUYXNrbGV0dAANYmF0Y2gudmVyc2lvbnQABTUuMS4ydAAOYmF0Y2guc3RlcFR5cGV0ADdvcmcuc3ByaW5nZnJhbWV3b3JrLmJhdGNoLmNvcmUuc3RlcC50YXNrbGV0LlRhc2tsZXRTdGVweA==',NULL),(25,'rO0ABXNyABFqYXZhLnV0aWwuSGFzaE1hcAUH2sHDFmDRAwACRgAKbG9hZEZhY3RvckkACXRocmVzaG9sZHhwP0AAAAAAAAx3CAAAABAAAAADdAARYmF0Y2gudGFza2xldFR5cGV0AD1vcmcuc3ByaW5nZnJhbWV3b3JrLmJhdGNoLmNvcmUuc3RlcC5pdGVtLkNodW5rT3JpZW50ZWRUYXNrbGV0dAANYmF0Y2gudmVyc2lvbnQABTUuMS4ydAAOYmF0Y2guc3RlcFR5cGV0ADdvcmcuc3ByaW5nZnJhbWV3b3JrLmJhdGNoLmNvcmUuc3RlcC50YXNrbGV0LlRhc2tsZXRTdGVweA==',NULL),(26,'rO0ABXNyABFqYXZhLnV0aWwuSGFzaE1hcAUH2sHDFmDRAwACRgAKbG9hZEZhY3RvckkACXRocmVzaG9sZHhwP0AAAAAAAAx3CAAAABAAAAADdAARYmF0Y2gudGFza2xldFR5cGV0AD1vcmcuc3ByaW5nZnJhbWV3b3JrLmJhdGNoLmNvcmUuc3RlcC5pdGVtLkNodW5rT3JpZW50ZWRUYXNrbGV0dAANYmF0Y2gudmVyc2lvbnQABTUuMS4ydAAOYmF0Y2guc3RlcFR5cGV0ADdvcmcuc3ByaW5nZnJhbWV3b3JrLmJhdGNoLmNvcmUuc3RlcC50YXNrbGV0LlRhc2tsZXRTdGVweA==',NULL),(27,'rO0ABXNyABFqYXZhLnV0aWwuSGFzaE1hcAUH2sHDFmDRAwACRgAKbG9hZEZhY3RvckkACXRocmVzaG9sZHhwP0AAAAAAAAx3CAAAABAAAAADdAARYmF0Y2gudGFza2xldFR5cGV0AD1vcmcuc3ByaW5nZnJhbWV3b3JrLmJhdGNoLmNvcmUuc3RlcC5pdGVtLkNodW5rT3JpZW50ZWRUYXNrbGV0dAANYmF0Y2gudmVyc2lvbnQABTUuMS4ydAAOYmF0Y2guc3RlcFR5cGV0ADdvcmcuc3ByaW5nZnJhbWV3b3JrLmJhdGNoLmNvcmUuc3RlcC50YXNrbGV0LlRhc2tsZXRTdGVweA==',NULL),(28,'rO0ABXNyABFqYXZhLnV0aWwuSGFzaE1hcAUH2sHDFmDRAwACRgAKbG9hZEZhY3RvckkACXRocmVzaG9sZHhwP0AAAAAAAAx3CAAAABAAAAADdAARYmF0Y2gudGFza2xldFR5cGV0AD1vcmcuc3ByaW5nZnJhbWV3b3JrLmJhdGNoLmNvcmUuc3RlcC5pdGVtLkNodW5rT3JpZW50ZWRUYXNrbGV0dAANYmF0Y2gudmVyc2lvbnQABTUuMS4ydAAOYmF0Y2guc3RlcFR5cGV0ADdvcmcuc3ByaW5nZnJhbWV3b3JrLmJhdGNoLmNvcmUuc3RlcC50YXNrbGV0LlRhc2tsZXRTdGVweA==',NULL),(29,'rO0ABXNyABFqYXZhLnV0aWwuSGFzaE1hcAUH2sHDFmDRAwACRgAKbG9hZEZhY3RvckkACXRocmVzaG9sZHhwP0AAAAAAAAx3CAAAABAAAAADdAARYmF0Y2gudGFza2xldFR5cGV0AD1vcmcuc3ByaW5nZnJhbWV3b3JrLmJhdGNoLmNvcmUuc3RlcC5pdGVtLkNodW5rT3JpZW50ZWRUYXNrbGV0dAANYmF0Y2gudmVyc2lvbnQABTUuMS4ydAAOYmF0Y2guc3RlcFR5cGV0ADdvcmcuc3ByaW5nZnJhbWV3b3JrLmJhdGNoLmNvcmUuc3RlcC50YXNrbGV0LlRhc2tsZXRTdGVweA==',NULL),(30,'rO0ABXNyABFqYXZhLnV0aWwuSGFzaE1hcAUH2sHDFmDRAwACRgAKbG9hZEZhY3RvckkACXRocmVzaG9sZHhwP0AAAAAAAAx3CAAAABAAAAADdAARYmF0Y2gudGFza2xldFR5cGV0AD1vcmcuc3ByaW5nZnJhbWV3b3JrLmJhdGNoLmNvcmUuc3RlcC5pdGVtLkNodW5rT3JpZW50ZWRUYXNrbGV0dAANYmF0Y2gudmVyc2lvbnQABTUuMS4ydAAOYmF0Y2guc3RlcFR5cGV0ADdvcmcuc3ByaW5nZnJhbWV3b3JrLmJhdGNoLmNvcmUuc3RlcC50YXNrbGV0LlRhc2tsZXRTdGVweA==',NULL),(31,'rO0ABXNyABFqYXZhLnV0aWwuSGFzaE1hcAUH2sHDFmDRAwACRgAKbG9hZEZhY3RvckkACXRocmVzaG9sZHhwP0AAAAAAAAx3CAAAABAAAAADdAARYmF0Y2gudGFza2xldFR5cGV0AD1vcmcuc3ByaW5nZnJhbWV3b3JrLmJhdGNoLmNvcmUuc3RlcC5pdGVtLkNodW5rT3JpZW50ZWRUYXNrbGV0dAANYmF0Y2gudmVyc2lvbnQABTUuMS4ydAAOYmF0Y2guc3RlcFR5cGV0ADdvcmcuc3ByaW5nZnJhbWV3b3JrLmJhdGNoLmNvcmUuc3RlcC50YXNrbGV0LlRhc2tsZXRTdGVweA==',NULL),(32,'rO0ABXNyABFqYXZhLnV0aWwuSGFzaE1hcAUH2sHDFmDRAwACRgAKbG9hZEZhY3RvckkACXRocmVzaG9sZHhwP0AAAAAAAAx3CAAAABAAAAADdAARYmF0Y2gudGFza2xldFR5cGV0AD1vcmcuc3ByaW5nZnJhbWV3b3JrLmJhdGNoLmNvcmUuc3RlcC5pdGVtLkNodW5rT3JpZW50ZWRUYXNrbGV0dAANYmF0Y2gudmVyc2lvbnQABTUuMS4ydAAOYmF0Y2guc3RlcFR5cGV0ADdvcmcuc3ByaW5nZnJhbWV3b3JrLmJhdGNoLmNvcmUuc3RlcC50YXNrbGV0LlRhc2tsZXRTdGVweA==',NULL),(33,'rO0ABXNyABFqYXZhLnV0aWwuSGFzaE1hcAUH2sHDFmDRAwACRgAKbG9hZEZhY3RvckkACXRocmVzaG9sZHhwP0AAAAAAAAx3CAAAABAAAAADdAARYmF0Y2gudGFza2xldFR5cGV0AD1vcmcuc3ByaW5nZnJhbWV3b3JrLmJhdGNoLmNvcmUuc3RlcC5pdGVtLkNodW5rT3JpZW50ZWRUYXNrbGV0dAANYmF0Y2gudmVyc2lvbnQABTUuMS4ydAAOYmF0Y2guc3RlcFR5cGV0ADdvcmcuc3ByaW5nZnJhbWV3b3JrLmJhdGNoLmNvcmUuc3RlcC50YXNrbGV0LlRhc2tsZXRTdGVweA==',NULL),(34,'rO0ABXNyABFqYXZhLnV0aWwuSGFzaE1hcAUH2sHDFmDRAwACRgAKbG9hZEZhY3RvckkACXRocmVzaG9sZHhwP0AAAAAAAAx3CAAAABAAAAADdAARYmF0Y2gudGFza2xldFR5cGV0AD1vcmcuc3ByaW5nZnJhbWV3b3JrLmJhdGNoLmNvcmUuc3RlcC5pdGVtLkNodW5rT3JpZW50ZWRUYXNrbGV0dAANYmF0Y2gudmVyc2lvbnQABTUuMS4ydAAOYmF0Y2guc3RlcFR5cGV0ADdvcmcuc3ByaW5nZnJhbWV3b3JrLmJhdGNoLmNvcmUuc3RlcC50YXNrbGV0LlRhc2tsZXRTdGVweA==',NULL),(35,'rO0ABXNyABFqYXZhLnV0aWwuSGFzaE1hcAUH2sHDFmDRAwACRgAKbG9hZEZhY3RvckkACXRocmVzaG9sZHhwP0AAAAAAAAx3CAAAABAAAAADdAARYmF0Y2gudGFza2xldFR5cGV0AD1vcmcuc3ByaW5nZnJhbWV3b3JrLmJhdGNoLmNvcmUuc3RlcC5pdGVtLkNodW5rT3JpZW50ZWRUYXNrbGV0dAANYmF0Y2gudmVyc2lvbnQABTUuMS4ydAAOYmF0Y2guc3RlcFR5cGV0ADdvcmcuc3ByaW5nZnJhbWV3b3JrLmJhdGNoLmNvcmUuc3RlcC50YXNrbGV0LlRhc2tsZXRTdGVweA==',NULL),(36,'rO0ABXNyABFqYXZhLnV0aWwuSGFzaE1hcAUH2sHDFmDRAwACRgAKbG9hZEZhY3RvckkACXRocmVzaG9sZHhwP0AAAAAAAAx3CAAAABAAAAADdAARYmF0Y2gudGFza2xldFR5cGV0AD1vcmcuc3ByaW5nZnJhbWV3b3JrLmJhdGNoLmNvcmUuc3RlcC5pdGVtLkNodW5rT3JpZW50ZWRUYXNrbGV0dAANYmF0Y2gudmVyc2lvbnQABTUuMS4ydAAOYmF0Y2guc3RlcFR5cGV0ADdvcmcuc3ByaW5nZnJhbWV3b3JrLmJhdGNoLmNvcmUuc3RlcC50YXNrbGV0LlRhc2tsZXRTdGVweA==',NULL),(37,'rO0ABXNyABFqYXZhLnV0aWwuSGFzaE1hcAUH2sHDFmDRAwACRgAKbG9hZEZhY3RvckkACXRocmVzaG9sZHhwP0AAAAAAAAx3CAAAABAAAAADdAARYmF0Y2gudGFza2xldFR5cGV0AD1vcmcuc3ByaW5nZnJhbWV3b3JrLmJhdGNoLmNvcmUuc3RlcC5pdGVtLkNodW5rT3JpZW50ZWRUYXNrbGV0dAANYmF0Y2gudmVyc2lvbnQABTUuMS4ydAAOYmF0Y2guc3RlcFR5cGV0ADdvcmcuc3ByaW5nZnJhbWV3b3JrLmJhdGNoLmNvcmUuc3RlcC50YXNrbGV0LlRhc2tsZXRTdGVweA==',NULL),(38,'rO0ABXNyABFqYXZhLnV0aWwuSGFzaE1hcAUH2sHDFmDRAwACRgAKbG9hZEZhY3RvckkACXRocmVzaG9sZHhwP0AAAAAAAAx3CAAAABAAAAADdAARYmF0Y2gudGFza2xldFR5cGV0AD1vcmcuc3ByaW5nZnJhbWV3b3JrLmJhdGNoLmNvcmUuc3RlcC5pdGVtLkNodW5rT3JpZW50ZWRUYXNrbGV0dAANYmF0Y2gudmVyc2lvbnQABTUuMS4ydAAOYmF0Y2guc3RlcFR5cGV0ADdvcmcuc3ByaW5nZnJhbWV3b3JrLmJhdGNoLmNvcmUuc3RlcC50YXNrbGV0LlRhc2tsZXRTdGVweA==',NULL),(39,'rO0ABXNyABFqYXZhLnV0aWwuSGFzaE1hcAUH2sHDFmDRAwACRgAKbG9hZEZhY3RvckkACXRocmVzaG9sZHhwP0AAAAAAAAx3CAAAABAAAAADdAARYmF0Y2gudGFza2xldFR5cGV0AD1vcmcuc3ByaW5nZnJhbWV3b3JrLmJhdGNoLmNvcmUuc3RlcC5pdGVtLkNodW5rT3JpZW50ZWRUYXNrbGV0dAANYmF0Y2gudmVyc2lvbnQABTUuMS4ydAAOYmF0Y2guc3RlcFR5cGV0ADdvcmcuc3ByaW5nZnJhbWV3b3JrLmJhdGNoLmNvcmUuc3RlcC50YXNrbGV0LlRhc2tsZXRTdGVweA==',NULL),(40,'rO0ABXNyABFqYXZhLnV0aWwuSGFzaE1hcAUH2sHDFmDRAwACRgAKbG9hZEZhY3RvckkACXRocmVzaG9sZHhwP0AAAAAAAAx3CAAAABAAAAADdAARYmF0Y2gudGFza2xldFR5cGV0AD1vcmcuc3ByaW5nZnJhbWV3b3JrLmJhdGNoLmNvcmUuc3RlcC5pdGVtLkNodW5rT3JpZW50ZWRUYXNrbGV0dAANYmF0Y2gudmVyc2lvbnQABTUuMS4ydAAOYmF0Y2guc3RlcFR5cGV0ADdvcmcuc3ByaW5nZnJhbWV3b3JrLmJhdGNoLmNvcmUuc3RlcC50YXNrbGV0LlRhc2tsZXRTdGVweA==',NULL);
/*!40000 ALTER TABLE `BATCH_STEP_EXECUTION_CONTEXT` ENABLE KEYS */;
UNLOCK TABLES;

--
-- Table structure for table `BATCH_STEP_EXECUTION_SEQ`
--

DROP TABLE IF EXISTS `BATCH_STEP_EXECUTION_SEQ`;
/*!40101 SET @saved_cs_client     = @@character_set_client */;
/*!50503 SET character_set_client = utf8mb4 */;
CREATE TABLE `BATCH_STEP_EXECUTION_SEQ` (
  `ID` bigint NOT NULL,
  PRIMARY KEY (`ID`)
) ENGINE=InnoDB DEFAULT CHARSET=utf8mb4 COLLATE=utf8mb4_0900_ai_ci;
/*!40101 SET character_set_client = @saved_cs_client */;

--
-- Dumping data for table `BATCH_STEP_EXECUTION_SEQ`
--

LOCK TABLES `BATCH_STEP_EXECUTION_SEQ` WRITE;
/*!40000 ALTER TABLE `BATCH_STEP_EXECUTION_SEQ` DISABLE KEYS */;
INSERT INTO `BATCH_STEP_EXECUTION_SEQ` VALUES (40);
/*!40000 ALTER TABLE `BATCH_STEP_EXECUTION_SEQ` ENABLE KEYS */;
UNLOCK TABLES;

--
-- Table structure for table `calendar`
--

DROP TABLE IF EXISTS `calendar`;
/*!40101 SET @saved_cs_client     = @@character_set_client */;
/*!50503 SET character_set_client = utf8mb4 */;
CREATE TABLE `calendar` (
  `calendar_id` int NOT NULL AUTO_INCREMENT,
  `content` varchar(256) NOT NULL,
  `create_at` datetime(6) DEFAULT NULL,
  `date` date NOT NULL,
  `tag` enum('BED','CAKE','CELEBRATION','CHECKBOOK','FLIGHT','REDEEM','RESTAURANT','SCHEDULE') DEFAULT NULL,
  `title` varchar(256) NOT NULL,
  `use_yn` bit(1) DEFAULT NULL,
  `room_id` int NOT NULL,
  PRIMARY KEY (`calendar_id`),
  KEY `FKgdx24k39s5o8jxcgj0ea94shs` (`room_id`),
  CONSTRAINT `FKgdx24k39s5o8jxcgj0ea94shs` FOREIGN KEY (`room_id`) REFERENCES `room` (`room_id`)
) ENGINE=InnoDB AUTO_INCREMENT=26 DEFAULT CHARSET=utf8mb4 COLLATE=utf8mb4_0900_ai_ci;
/*!40101 SET character_set_client = @saved_cs_client */;

--
-- Dumping data for table `calendar`
--

LOCK TABLES `calendar` WRITE;
/*!40000 ALTER TABLE `calendar` DISABLE KEYS */;
INSERT INTO `calendar` VALUES (1,'두둥탁','2024-08-15 18:59:35.522844','2024-08-16','CELEBRATION','최종 발표',_binary '',1),(2,'외식하는날','2024-08-15 18:59:47.737129','2024-08-19','CAKE','아버지생신',_binary '',1),(3,'찍는날','2024-08-15 19:07:55.073609','2024-08-15','REDEEM','UCC',_binary '',1),(4,'히','2024-08-15 19:08:32.486535','2024-08-13','BED','ㅋ',_binary '\0',1),(5,'대한독립만세','2024-08-15 19:43:25.822368','2024-08-15','REDEEM','광복절',_binary '',3),(6,'','2024-08-15 20:06:06.638234','2024-08-17','FLIGHT','가족여행',_binary '\0',3),(7,'14:00 도착','2024-08-15 20:06:24.029426','2024-08-21','FLIGHT','귀국',_binary '',3),(8,'','2024-08-15 20:07:05.195534','2024-08-16','FLIGHT','가족여행 출발',_binary '',3),(9,'','2024-08-15 20:16:04.804537','2024-08-17','CAKE','아빠 생일....?',_binary '\0',4),(10,'','2024-08-15 20:59:02.425304','2024-08-24','CAKE','아빠생일',_binary '',4),(11,'먹는날','2024-08-15 21:29:46.185202','2024-08-14','RESTAURANT','삼계탕',_binary '',1),(12,'','2024-08-15 23:29:56.863932','2024-08-16','CAKE','프로젝트 마지막',_binary '',5),(13,'공통 끝!!!!!!','2024-08-15 23:38:47.927968','2024-08-16','CHECKBOOK','발표날',_binary '',2),(14,'','2024-08-15 23:39:09.154437','2024-08-25','CAKE','가족사진',_binary '',5),(15,'테스트','2024-08-16 10:47:10.135971','2024-08-13','BED','업데이트',_binary '\0',1),(16,'마지막날','2024-08-16 11:23:05.907907','2024-08-16','CAKE','마지막날',_binary '',6),(17,'날','2024-08-16 11:24:04.766861','2024-08-16','CAKE','마마지지막막',_binary '',6),(18,'ㅋㅋ','2024-08-16 12:48:15.915962','2024-08-16','CAKE','ㅋㅋ',_binary '',1),(19,'','2024-08-16 13:09:22.602543','2024-08-16','CHECKBOOK','딸냄 시험',_binary '',1),(20,'채용','2024-08-16 15:48:10.252049','2024-08-29','SCHEDULE','우리은행',_binary '',1),(21,'','2024-08-17 15:45:22.820441','2024-08-21','REDEEM','추석 예매',_binary '',4),(22,'서류마감','2024-08-17 23:43:31.073328','2024-08-27','CHECKBOOK','수협은행',_binary '',1),(23,'','2024-08-18 14:38:17.609099','2024-10-13','CAKE','4호엄빠아들',_binary '',10),(24,'연동가는?','2024-08-18 14:44:18.876111','2024-08-18','CELEBRATION','Q2.카톡알림',_binary '',10),(25,'Q1.카톡알림연동가능','2024-08-18 14:46:27.728037','2024-08-24','SCHEDULE','몹코공',_binary '',11);
/*!40000 ALTER TABLE `calendar` ENABLE KEYS */;
UNLOCK TABLES;

--
-- Table structure for table `fcm`
--

DROP TABLE IF EXISTS `fcm`;
/*!40101 SET @saved_cs_client     = @@character_set_client */;
/*!50503 SET character_set_client = utf8mb4 */;
CREATE TABLE `fcm` (
  `fcm_id` bigint NOT NULL AUTO_INCREMENT,
  `fcm_token` varchar(255) DEFAULT NULL,
  `user_id` int DEFAULT NULL,
  PRIMARY KEY (`fcm_id`),
  UNIQUE KEY `UKlh61lafmtniecacggcywpm4nb` (`user_id`),
  CONSTRAINT `FK74jnp2iheswrhrr8w5pwvemhq` FOREIGN KEY (`user_id`) REFERENCES `user` (`user_id`)
) ENGINE=InnoDB AUTO_INCREMENT=7 DEFAULT CHARSET=utf8mb4 COLLATE=utf8mb4_0900_ai_ci;
/*!40101 SET character_set_client = @saved_cs_client */;

--
-- Dumping data for table `fcm`
--

LOCK TABLES `fcm` WRITE;
/*!40000 ALTER TABLE `fcm` DISABLE KEYS */;
INSERT INTO `fcm` VALUES (1,'certtOfJCzz3HGruxUi7Dc:APA91bHBWX09nQBhVn8VmedQUhcxe49MeR_qsf7X1IPaJLV1e-fWKCdCOSdbGVqRXtrgXeRqPnILWkl955umI3ZyVncjQEav0RZJFQhiZheHBzfNf7aSggPEFZM5vbc8VALAz1E7QhWZ',4),(2,'cswXWGktkxPM_6UEUqkkK-:APA91bElqadWQk_HYv2UlO8Ax0G-8G1ym6GNYyudG8X7VlrT5k-KkDPcNh2TUBRNTeiP0xlQ09q2jDvS1_C6Bg0tueFDPUif8UQf5ZlSpPNHhC7_Z04GP5ccFWWX1kMzx-rb88ReZbzf',6),(3,'eeq6kbsiYezVREzTYW3cfx:APA91bGi1tcgncS9rf3Qowohp8hP-QmxD_bodoC8yJLyZFs3XTmYfT6ZJD70OGtV7jH1SREU1FH0IZGQ9otjxVdlv6-FDvH5qpBzygONEu59-Q9DykqomIfJ9TD0xFQGIIj2Tu_1AGBQ',5),(4,'eSPZIoXr-vsm4-iTxEq4uh:APA91bHfYZ8aNkA4-U8t0A8QafK_bIjyyur-3XawJ7RbF5kCePP_MP7r9NEmyn1yrBE-b4_8U5FIlvAFz9B-hoNMCh0dxS6xnsgR0ekpmcWH7KpswnnMS9KFoIOHRllC0sczfj9UXzXO',1),(5,'ctdA41w9UduYGINfzCg0kA:APA91bHoEXmzzwZh354OGkLnfgLNeRHGytyOKuG95aIPMaOLap-L6HPlMgimqGGza_vtu8OFk1e8BftdZBPsernVyru8qQsdYbV0VmXeW3c6p5vzF5QDZq8L5V7oNPI1N5fNJhA6Al-H',10),(6,'eUWzVZD0WSxAwsSBUz7kSh:APA91bFL7bPPBJCSRrnMZVtpXICv9EqsUi6xA3v90h5QrGt0CtQoYztbZk3IndA-Ovgy4nvrBdVFxuPXmtxYPOaiJUiN6uRYK31jConbBsUrl9Ynw21caZWPVvFRjL57t88J9n6onfYP',3);
/*!40000 ALTER TABLE `fcm` ENABLE KEYS */;
UNLOCK TABLES;

--
-- Table structure for table `feed`
--

DROP TABLE IF EXISTS `feed`;
/*!40101 SET @saved_cs_client     = @@character_set_client */;
/*!50503 SET character_set_client = utf8mb4 */;
CREATE TABLE `feed` (
  `feed_id` int NOT NULL AUTO_INCREMENT,
  `content` varchar(255) DEFAULT NULL,
  `create_at` datetime(6) DEFAULT NULL,
  `use_yn` bit(1) DEFAULT NULL,
  `user_room_id` int DEFAULT NULL,
  PRIMARY KEY (`feed_id`),
  KEY `FKsib88oro8rhqogq0cc2j7xdvl` (`user_room_id`),
  CONSTRAINT `FKsib88oro8rhqogq0cc2j7xdvl` FOREIGN KEY (`user_room_id`) REFERENCES `user_room` (`user_room_id`)
) ENGINE=InnoDB AUTO_INCREMENT=334 DEFAULT CHARSET=utf8mb4 COLLATE=utf8mb4_0900_ai_ci;
/*!40101 SET character_set_client = @saved_cs_client */;

--
-- Dumping data for table `feed`
--

LOCK TABLES `feed` WRITE;
/*!40000 ALTER TABLE `feed` DISABLE KEYS */;
INSERT INTO `feed` VALUES (1,'ㅎㅎ','2024-08-15 18:58:46.304005',_binary '',1),(2,'ㅋㅋㅋㅋㅋㅋㅋㅋㅋㅋㅋㅋ','2024-08-15 18:59:35.313041',_binary '\0',3),(3,'ㅋㅋ','2024-08-15 19:00:10.199005',_binary '\0',3),(4,'ㅋㅋ','2024-08-15 19:00:11.469986',_binary '\0',3),(5,'나는 휴식?!','2024-08-15 19:00:16.102156',_binary '',2),(6,'좋아','2024-08-15 19:04:32.042091',_binary '\0',2),(7,'좋아','2024-08-15 19:04:35.936511',_binary '',2),(8,'냠냐미','2024-08-15 19:05:03.960089',_binary '',4),(9,'진짜 서비스 같다','2024-08-15 19:05:23.905156',_binary '',2),(10,'복날 삼계탕','2024-08-15 19:05:25.743762',_binary '',4),(11,'ㅋㅋㅋㅋㅋ우리 피드','2024-08-15 19:17:19.266401',_binary '',6),(12,'','2024-08-15 19:17:28.461334',_binary '\0',3),(13,'','2024-08-15 19:19:29.665122',_binary '',1),(14,'  아무거나','2024-08-15 19:20:15.991430',_binary '',5),(15,'하잉!!!','2024-08-15 19:22:01.778590',_binary '',6),(16,'귀여운곰','2024-08-15 19:22:24.477270',_binary '',7),(17,'스시','2024-08-15 19:22:26.297193',_binary '\0',3),(18,'스시','2024-08-15 19:22:27.657052',_binary '\0',3),(19,'스시','2024-08-15 19:22:31.527644',_binary '\0',3),(20,'응애','2024-08-15 19:22:39.954785',_binary '',4),(21,'이쁜대만','2024-08-15 19:22:57.302625',_binary '',7),(22,'제발료','2024-08-15 19:22:58.140317',_binary '\0',3),(23,'우리아빠','2024-08-15 19:23:06.019745',_binary '',4),(24,'어뗘','2024-08-15 19:23:06.274120',_binary '',2),(25,'몰라','2024-08-15 19:23:37.108236',_binary '',4),(26,'이쁜한국','2024-08-15 19:23:47.257074',_binary '',7),(27,'킁킁','2024-08-15 19:23:48.229351',_binary '',1),(28,'귀요미','2024-08-15 19:23:59.355245',_binary '',4),(29,'','2024-08-15 19:24:16.727168',_binary '',2),(30,'이쁘죠','2024-08-15 19:24:23.644559',_binary '',4),(31,'선웅 아버지 감사합니다','2024-08-15 19:24:23.646415',_binary '',1),(32,'이쁜독일','2024-08-15 19:24:35.053341',_binary '',7),(33,'가족사진','2024-08-15 19:24:39.684837',_binary '',2),(34,'하늘 이뿌죠? 여자화장실 시점','2024-08-15 19:25:08.106861',_binary '',2),(35,'저세상녹차빙수','2024-08-15 19:25:10.090140',_binary '',4),(36,'신발 사고파','2024-08-15 19:25:40.333111',_binary '',2),(37,'나 어때','2024-08-15 19:25:42.636384',_binary '',5),(38,'이쁜.. 에스토니아','2024-08-15 19:25:52.355506',_binary '',7),(39,'이뿌기?','2024-08-15 19:26:05.958367',_binary '',2),(40,'아기돼징','2024-08-15 19:26:46.469124',_binary '',2),(41,'이쁜 알프스','2024-08-15 19:26:51.072223',_binary '',7),(42,'꽃입니다','2024-08-15 19:27:03.924340',_binary '',4),(43,'올라간다','2024-08-15 19:27:06.868698',_binary '\0',3),(44,'올라간다','2024-08-15 19:27:07.408153',_binary '\0',3),(45,'몽골몽골','2024-08-15 19:27:14.716664',_binary '',1),(46,'ㅋ','2024-08-15 19:27:41.348088',_binary '\0',3),(47,'기싸움하는 오도방구','2024-08-15 19:27:48.052284',_binary '',7),(48,'졸업사진','2024-08-15 19:28:13.518186',_binary '',4),(49,'탕탕후루후루','2024-08-15 19:28:28.219856',_binary '\0',2),(50,'탕탕후루후루','2024-08-15 19:28:31.509504',_binary '',2),(51,'개맛없는 일본사이다','2024-08-15 19:28:42.934190',_binary '',4),(53,'이쁜 삿포로...의 근교동네 하코다테','2024-08-15 19:29:49.537713',_binary '',7),(55,'알바생 점심','2024-08-15 19:30:48.476776',_binary '\0',3),(57,'','2024-08-15 19:30:52.455893',_binary '',2),(58,'이쁜 한국의 마이산','2024-08-15 19:31:09.115147',_binary '',7),(60,'이거 뭐게','2024-08-15 19:31:53.988593',_binary '',2),(61,'이거 뭐게','2024-08-15 19:31:57.094384',_binary '',2),(62,'오운완','2024-08-15 19:32:08.815985',_binary '\0',3),(63,'존맛','2024-08-15 19:32:30.256554',_binary '',4),(64,'고양이와고양이와고양이','2024-08-15 19:33:06.158830',_binary '',4),(65,'내가 좋아하는 한양도성','2024-08-15 19:33:08.642716',_binary '',7),(66,'뙜녀','2024-08-15 19:38:52.936420',_binary '\0',3),(67,'됐냐???','2024-08-15 19:39:04.198918',_binary '\0',3),(68,'됐냐???','2024-08-15 19:39:05.204616',_binary '\0',3),(69,'기여어','2024-08-15 19:44:19.764758',_binary '',2),(70,'맛있어요 굿~','2024-08-15 19:44:29.202935',_binary '',4),(71,'맛있겠당','2024-08-15 19:44:56.512427',_binary '',7),(72,'가성비 요아정','2024-08-15 19:45:05.882636',_binary '',4),(73,'','2024-08-15 19:45:11.574182',_binary '',2),(74,'귤후루','2024-08-15 19:45:29.259359',_binary '',2),(75,'바나나킥으로 양치하는법','2024-08-15 19:45:30.375322',_binary '',4),(76,'홍콩 자바로드','2024-08-15 19:45:45.207830',_binary '',7),(77,'?','2024-08-15 19:46:02.660450',_binary '',4),(78,'1학년 엘리트시절...','2024-08-15 19:46:11.631202',_binary '',2),(79,'대만에서 태풍만난날','2024-08-15 19:46:53.646729',_binary '',7),(80,'잠깐멈춤','2024-08-15 19:46:57.016295',_binary '',4),(81,'큩베베','2024-08-15 19:47:09.148895',_binary '',2),(82,'','2024-08-15 19:47:23.921340',_binary '\0',1),(83,'','2024-08-15 19:47:24.915128',_binary '\0',1),(84,'','2024-08-15 19:47:25.933142',_binary '',1),(85,'우리아파트 야시장','2024-08-15 19:47:57.513810',_binary '',7),(86,'두둥탁','2024-08-15 19:48:07.229128',_binary '',2),(87,'ㅋ','2024-08-15 19:48:37.220277',_binary '',1),(88,'어릴시절..','2024-08-15 19:48:40.473521',_binary '',2),(89,'띠용','2024-08-15 19:48:45.511637',_binary '',4),(90,'냠냠','2024-08-15 19:49:21.688100',_binary '',4),(91,'이쁜 드브로브니크','2024-08-15 19:49:26.915394',_binary '',7),(92,'','2024-08-15 19:49:37.586097',_binary '',1),(93,'','2024-08-15 19:49:54.599023',_binary '',1),(94,'','2024-08-15 19:50:06.061494',_binary '',7),(95,'끙차','2024-08-15 19:50:09.136586',_binary '',2),(96,'영차','2024-08-15 19:50:41.432024',_binary '',2),(97,'졸업했어요','2024-08-15 19:50:55.131502',_binary '',4),(98,'이거 망고빙수 진짜 대존맛이니깐 가오슝가면 꼭드세요 진짜','2024-08-15 19:51:56.405239',_binary '',7),(99,'발톱깎기싫어','2024-08-15 19:52:03.068806',_binary '',4),(100,'내최애음식','2024-08-15 19:52:45.462346',_binary '',4),(101,'누구게','2024-08-15 19:53:20.865522',_binary '',4),(102,'으아아아아아아','2024-08-15 19:53:27.697870',_binary '',7),(103,'내이름','2024-08-15 19:54:17.063208',_binary '\0',3),(104,'맹고 내 최애','2024-08-15 19:54:17.917540',_binary '',2),(105,'탕후루오마카세','2024-08-15 19:54:18.016295',_binary '',4),(106,'뀽','2024-08-15 19:54:33.191488',_binary '',2),(107,'이쁜 부다페스트','2024-08-15 19:54:42.192624',_binary '',7),(108,'아시겟어요?','2024-08-15 19:55:04.222321',_binary '\0',3),(109,'','2024-08-15 19:55:04.641105',_binary '',2),(110,'','2024-08-15 19:55:21.934567',_binary '',2),(111,'최애 커피집','2024-08-15 19:55:32.419744',_binary '',7),(112,'동아리엠티','2024-08-15 19:55:37.113472',_binary '',4),(113,'띠용','2024-08-15 19:56:13.498543',_binary '',4),(114,'나 멋짐','2024-08-15 19:56:15.591498',_binary '',5),(115,'나','2024-08-15 19:56:16.288076',_binary '\0',3),(116,'욷작','2024-08-15 19:56:33.685360',_binary '',4),(117,'','2024-08-15 19:56:46.876638',_binary '',1),(118,'성수','2024-08-15 19:56:50.792281',_binary '',5),(119,'귤개구리','2024-08-15 19:56:58.255163',_binary '',7),(120,'울집 댕댕','2024-08-15 19:57:05.945302',_binary '',1),(121,'ㅠ','2024-08-15 19:57:08.656917',_binary '\0',3),(122,'스펀지밥','2024-08-15 19:57:20.523416',_binary '',5),(123,'맛나겠징','2024-08-15 19:57:49.680838',_binary '',7),(124,'당신의.오늘이...빛나기를^^','2024-08-15 19:58:04.335944',_binary '',4),(125,'','2024-08-15 19:58:25.614760',_binary '',5),(126,'','2024-08-15 19:58:47.683206',_binary '',1),(127,'','2024-08-15 19:58:49.334726',_binary '',1),(128,'','2024-08-15 19:58:59.576948',_binary '\0',3),(129,'내 관통 페어','2024-08-15 19:59:13.332249',_binary '',1),(130,'','2024-08-15 19:59:34.043772',_binary '',7),(131,'잔든쏘','2024-08-15 19:59:45.564839',_binary '',4),(132,'yo','2024-08-15 19:59:53.577640',_binary '\0',3),(133,'','2024-08-15 20:00:30.121911',_binary '',5),(134,'스누피 배','2024-08-15 20:00:41.212405',_binary '',7),(135,'','2024-08-15 20:00:56.640372',_binary '',1),(136,'음~맛있다','2024-08-15 20:01:09.460868',_binary '',4),(137,'','2024-08-15 20:02:01.963455',_binary '',5),(138,'','2024-08-15 20:02:11.885750',_binary '',7),(139,'','2024-08-15 20:02:29.928750',_binary '\0',5),(140,'','2024-08-15 20:02:49.634622',_binary '',5),(141,'유튜브 썸네일','2024-08-15 20:02:54.399208',_binary '',7),(142,'','2024-08-15 20:03:02.688954',_binary '\0',3),(143,'z','2024-08-15 20:03:03.734472',_binary '\0',3),(144,'싸피데이','2024-08-15 20:03:15.022410',_binary '',4),(145,'그냥 모르는사람인데 출근길에..','2024-08-15 20:03:49.217806',_binary '',7),(146,'침착하세요여러분','2024-08-15 20:04:22.375835',_binary '',4),(147,'','2024-08-15 20:04:48.832526',_binary '',7),(148,'눈이예뻐요','2024-08-15 20:05:10.564119',_binary '',4),(149,'올려','2024-08-15 20:11:15.501789',_binary '',2),(150,'학교에 달떴어요','2024-08-15 20:11:41.462379',_binary '',4),(151,'','2024-08-15 20:11:52.074052',_binary '',2),(152,'곰궁댕이','2024-08-15 20:12:44.589422',_binary '',7),(153,'과제하고 뻗음','2024-08-15 20:12:46.617785',_binary '',4),(154,'오둥','2024-08-15 20:13:55.722914',_binary '',4),(155,'','2024-08-15 20:14:05.350506',_binary '',2),(156,'소라짱','2024-08-15 20:14:26.155303',_binary '',2),(157,'맛있겠당','2024-08-15 20:14:37.718473',_binary '',7),(158,'','2024-08-15 20:14:38.181835',_binary '',2),(159,'ㅎㅇ용','2024-08-15 20:14:40.837638',_binary '',11),(160,'','2024-08-15 20:14:52.019935',_binary '',2),(161,'모기고문','2024-08-15 20:14:53.564388',_binary '',4),(162,'유리깎는 로콜리','2024-08-15 20:15:30.272933',_binary '',7),(163,'공모전할때','2024-08-15 20:15:31.480841',_binary '',4),(164,'유리깍는 로콜리','2024-08-15 20:15:34.780284',_binary '',7),(165,'닿으면 죽는 병','2024-08-15 20:15:41.989707',_binary '',2),(166,'','2024-08-15 20:16:07.546960',_binary '',2),(167,'?','2024-08-15 20:16:20.017616',_binary '',4),(168,'','2024-08-15 20:17:00.577755',_binary '',1),(169,'내다버린 5유로','2024-08-15 20:17:03.131416',_binary '',7),(170,'싸피면접 끝나고 뀽','2024-08-15 20:17:19.802445',_binary '',2),(171,'짱크죠','2024-08-15 20:17:27.399938',_binary '',4),(172,'싸피걸','2024-08-15 20:17:52.390327',_binary '',2),(173,'우리학교 고양이','2024-08-15 20:18:09.097564',_binary '',4),(174,'밤샘 술 햐보셨나요?','2024-08-15 20:18:27.878494',_binary '',5),(175,'경양식 돈까스 좋아하는 사램','2024-08-15 20:18:30.916296',_binary '',2),(176,'내가만든 김밥','2024-08-15 20:18:55.709301',_binary '',5),(177,'내 관통 페어','2024-08-15 20:19:10.512516',_binary '',4),(178,'','2024-08-15 20:19:11.278464',_binary '',7),(179,'겨울 제주','2024-08-15 20:19:43.317476',_binary '\0',2),(180,'겨울 제주','2024-08-15 20:19:45.928465',_binary '',2),(181,'내 타투','2024-08-15 20:20:14.791937',_binary '',2),(182,'관통화면 초기: 개구림','2024-08-15 20:20:31.118874',_binary '',4),(183,'헷','2024-08-15 20:20:45.009463',_binary '',2),(184,'누구의 작품일까요','2024-08-15 20:21:11.691022',_binary '',2),(185,'정보) 이날 처음 만났다','2024-08-15 20:21:33.837931',_binary '',7),(186,'','2024-08-15 20:21:34.071581',_binary '',2),(187,'ㅎㅇ','2024-08-15 20:21:48.242137',_binary '',4),(188,'','2024-08-15 20:21:55.290471',_binary '',2),(189,'부모님 저 졸업했어요','2024-08-15 20:23:05.607837',_binary '',4),(190,'','2024-08-15 20:23:30.489326',_binary '',2),(191,'','2024-08-15 20:23:30.900588',_binary '',1),(192,'','2024-08-15 20:23:54.002375',_binary '',2),(193,'유리깎던 로콜리 작품','2024-08-15 20:23:59.971915',_binary '',7),(194,'','2024-08-15 20:24:09.969370',_binary '',1),(195,'','2024-08-15 20:24:10.825105',_binary '',1),(196,'노인코래방','2024-08-15 20:24:26.410828',_binary '',4),(197,'','2024-08-15 20:24:32.764113',_binary '',2),(198,'','2024-08-15 20:25:10.791150',_binary '',2),(199,'','2024-08-15 20:25:23.283093',_binary '',1),(200,'','2024-08-15 20:25:26.728742',_binary '',2),(201,'과제중','2024-08-15 20:25:33.774089',_binary '',4),(202,'','2024-08-15 20:25:43.139129',_binary '',1),(203,'','2024-08-15 20:25:44.373234',_binary '',1),(204,'이쁜..진 모르겠고 겁나추운 핀란드','2024-08-15 20:25:47.626559',_binary '',7),(205,'','2024-08-15 20:25:48.407316',_binary '',2),(206,'','2024-08-15 20:26:15.009774',_binary '',1),(207,'내 최애','2024-08-15 20:26:19.910545',_binary '',2),(208,'','2024-08-15 20:26:45.816208',_binary '',1),(209,'사당행','2024-08-15 20:26:46.690470',_binary '',2),(210,'펩시 민트맛','2024-08-15 20:27:01.828437',_binary '',7),(211,'고추폭탄짜장','2024-08-15 20:27:08.043517',_binary '',4),(212,'','2024-08-15 20:27:39.741726',_binary '',2),(213,'','2024-08-15 20:27:56.272352',_binary '',2),(214,'','2024-08-15 20:28:04.628452',_binary '\0',1),(215,'','2024-08-15 20:28:05.417738',_binary '',5),(216,'','2024-08-15 20:28:08.264213',_binary '\0',1),(217,'','2024-08-15 20:28:09.036182',_binary '',1),(218,'수정테스트1','2024-08-15 20:28:22.443471',_binary '\0',3),(219,'누가 꽃이게?','2024-08-15 20:28:30.875160',_binary '',7),(220,'','2024-08-15 20:28:54.363275',_binary '',2),(221,'할머니','2024-08-15 20:29:01.800676',_binary '',4),(222,'','2024-08-15 20:29:37.805527',_binary '',2),(223,'단발시절','2024-08-15 20:30:41.109017',_binary '',4),(226,'','2024-08-15 20:30:54.553755',_binary '',2),(227,'꽁꽁 얼어붙은 호수 어딘가','2024-08-15 20:31:21.316051',_binary '',7),(228,'','2024-08-15 20:31:23.519822',_binary '',2),(230,'교복동환','2024-08-15 20:31:30.748457',_binary '',5),(231,'','2024-08-15 20:31:58.401776',_binary '',2),(232,'','2024-08-15 20:32:02.300519',_binary '',5),(233,'테스트2','2024-08-15 20:32:04.126348',_binary '\0',3),(234,'','2024-08-15 20:32:38.292345',_binary '',2),(235,'후배가 그려준 나','2024-08-15 20:32:42.282857',_binary '',4),(236,'','2024-08-15 20:33:16.061941',_binary '',2),(237,'','2024-08-15 20:33:19.236240',_binary '',2),(238,'','2024-08-15 20:33:32.179209',_binary '',2),(239,'','2024-08-15 20:34:05.508943',_binary '',2),(240,'ㅎㅎ','2024-08-15 20:34:18.415552',_binary '',4),(241,'','2024-08-15 20:34:40.100505',_binary '',2),(242,'ㄹㅁz','2024-08-15 20:34:41.906834',_binary '\0',3),(243,'스무살','2024-08-15 20:35:11.248267',_binary '',4),(244,'','2024-08-15 20:35:53.616321',_binary '',2),(245,'','2024-08-15 20:36:17.730121',_binary '',2),(246,'','2024-08-15 20:36:23.922254',_binary '',5),(247,'국토대장정~~~','2024-08-15 20:36:45.804167',_binary '',1),(248,'','2024-08-15 20:36:50.446707',_binary '',7),(249,'','2024-08-15 20:36:54.123363',_binary '',2),(250,'','2024-08-15 20:36:55.512799',_binary '\0',2),(251,'','2024-08-15 20:37:28.466254',_binary '',2),(252,'샤이보이ᙏ̤̫͚ ♡ ','2024-08-15 20:37:46.599017',_binary '',5),(253,'첫출근!','2024-08-15 20:37:57.032703',_binary '',1),(254,'','2024-08-15 20:37:58.396943',_binary '',2),(255,'페어 언니랑','2024-08-15 20:38:32.049646',_binary '',4),(256,'안돼에ㅔ에','2024-08-15 20:39:15.850399',_binary '',2),(257,'라스트','2024-08-15 20:39:48.737185',_binary '',4),(258,'짱맛','2024-08-15 20:40:55.590803',_binary '',7),(259,'','2024-08-15 20:44:41.222776',_binary '',7),(265,'ㅗㅗㅎ','2024-08-15 20:50:08.065310',_binary '\0',3),(266,'ㄷㄷㄷㄷ','2024-08-15 20:50:39.586255',_binary '\0',5),(267,'','2024-08-15 20:50:53.202731',_binary '\0',5),(268,'sdfasdfasㅁㅇㄻㄻㅇㅋㅋㅋ','2024-08-15 21:19:09.427842',_binary '\0',3),(269,'','2024-08-15 21:41:13.523398',_binary '',5),(270,'','2024-08-15 21:49:21.560668',_binary '\0',2),(271,'하이','2024-08-15 21:50:28.455375',_binary '',2),(272,'테스트','2024-08-15 21:50:43.787994',_binary '\0',3),(273,'테슽흐','2024-08-15 21:52:38.958509',_binary '\0',3),(274,'','2024-08-15 21:53:20.194663',_binary '\0',5),(275,'ㅋzz','2024-08-15 21:55:59.198152',_binary '\0',3),(276,'테스트314143','2024-08-15 22:04:28.850392',_binary '\0',3),(277,'머스트','2024-08-15 22:08:22.443554',_binary '\0',3),(278,'테스트123ㅋㅋㅋㅋㅋㅋㅋㅋㅋ','2024-08-15 22:16:57.048650',_binary '\0',3),(279,'','2024-08-15 22:18:33.534149',_binary '',5),(280,'','2024-08-15 22:31:35.339588',_binary '',7),(281,'양산 디자인 공원 4바퀴 정도 산책 !\r\n가을이 오나봄 !\r\n다음 산책때는 사진도 찍어야겠다 !','2024-08-15 22:52:29.900774',_binary '',10),(282,'집가는중! ','2024-08-15 23:29:43.354983',_binary '',14),(283,'ㅅ','2024-08-16 01:39:09.112561',_binary '',11),(284,'ㅅㅅ','2024-08-16 01:39:18.815028',_binary '',11),(285,'ㅎ','2024-08-16 01:39:46.624824',_binary '',11),(286,'ㅎ','2024-08-16 01:39:49.062993',_binary '',11),(287,'ㅅ','2024-08-16 01:39:55.275265',_binary '',11),(288,'ㅎㅇ','2024-08-16 01:46:04.300151',_binary '',11),(289,'ㅎㅇ','2024-08-16 01:46:13.855746',_binary '',11),(290,'ㅎㅇ','2024-08-16 01:46:20.388852',_binary '',11),(291,'ㅎㅇ','2024-08-16 01:46:25.668632',_binary '',11),(292,'ㅎㅇ','2024-08-16 01:46:30.938669',_binary '',11),(293,'ㅎㅇ','2024-08-16 01:46:36.780255',_binary '',11),(294,'ㅎㅇ','2024-08-16 01:46:41.659141',_binary '',11),(295,'ㅎㅇ','2024-08-16 01:46:46.207808',_binary '',11),(296,'ㅎㅇ','2024-08-16 01:46:52.494062',_binary '',11),(297,'ㅎㅇ','2024-08-16 01:46:57.064433',_binary '',11),(298,'ㅎㅇ','2024-08-16 01:47:01.409848',_binary '',11),(299,'ㅎㅇ','2024-08-16 01:47:06.168500',_binary '',11),(300,'열심히 개발중!','2024-08-16 03:36:06.779359',_binary '',1),(301,'아잇쿵','2024-08-16 03:36:17.079907',_binary '',1),(302,'일해라 노예들','2024-08-16 03:36:32.128962',_binary '',1),(303,'이지흔과 아이들','2024-08-16 03:37:17.976781',_binary '',1),(304,'아버지 이제야 깨달아요','2024-08-16 03:37:50.955365',_binary '',1),(305,'뭐 찍는거야..?','2024-08-16 03:38:19.590601',_binary '',1),(306,'다들 웃어 웃으라고','2024-08-16 03:38:56.841218',_binary '',1),(307,'마지막날 !','2024-08-16 03:39:28.249382',_binary '',1),(308,'출첵','2024-08-16 07:20:10.065095',_binary '',12),(309,'ㅋㅇㅋ','2024-08-16 10:24:46.338689',_binary '\0',3),(310,'','2024-08-16 11:22:10.908264',_binary '\0',17),(311,'렙업','2024-08-16 11:32:05.641812',_binary '',16),(312,'오키나와','2024-08-16 12:23:38.266074',_binary '\0',19),(313,'오키나와','2024-08-16 12:24:21.771776',_binary '',19),(314,'쁘이!!','2024-08-16 12:27:35.420907',_binary '\0',2),(315,'마지막날 다들 화이팅!','2024-08-16 12:45:35.433415',_binary '',1),(316,'무더운날 각자 건강잘 챙기고\r\n특히 우리딸 밤늦게 까지 공부한다고 고생이 만타. 파이팅','2024-08-16 13:31:27.956125',_binary '',20),(317,'우리팀멋져요','2024-08-16 15:37:36.788835',_binary '',4),(318,'','2024-08-16 15:39:19.820805',_binary '',2),(319,'Zzzzzz...','2024-08-16 20:53:30.145587',_binary '',4),(320,'??','2024-08-16 20:54:53.944615',_binary '',4),(321,'우리아빠 멋지다','2024-08-16 21:40:29.235123',_binary '',4),(322,'찰떡','2024-08-16 21:42:09.846054',_binary '',2),(323,'청주는 34도 아프리카랍니다','2024-08-17 12:15:24.299358',_binary '',5),(324,'아빠. 면도기 도착!!','2024-08-17 14:45:03.050591',_binary '',13),(325,'','2024-08-17 14:46:21.917052',_binary '\0',13),(326,'','2024-08-17 15:34:06.986100',_binary '',11),(327,'공통 끝난 기념 삼신흑~','2024-08-18 13:55:11.650780',_binary '',5),(328,'레벨업','2024-08-18 14:15:22.003164',_binary '',23),(329,'레벨업','2024-08-18 14:15:40.807369',_binary '',23),(330,'바야흐로..','2024-08-18 14:33:29.485251',_binary '\0',22),(331,'1호_아부지_환갑_잔치\r\n@제주도','2024-08-18 14:34:38.905180',_binary '',24),(332,'바야흐로...','2024-08-18 14:43:12.578866',_binary '',28),(333,'오크완!\r\nQ2.원하는 계정만 사진 볼수있게 하는 법','2024-08-18 14:48:25.760468',_binary '',29);
/*!40000 ALTER TABLE `feed` ENABLE KEYS */;
UNLOCK TABLES;

--
-- Table structure for table `feed_comment`
--

DROP TABLE IF EXISTS `feed_comment`;
/*!40101 SET @saved_cs_client     = @@character_set_client */;
/*!50503 SET character_set_client = utf8mb4 */;
CREATE TABLE `feed_comment` (
  `comment_id` int NOT NULL AUTO_INCREMENT,
  `content` mediumtext,
  `create_at` datetime(6) DEFAULT NULL,
  `use_yn` bit(1) DEFAULT NULL,
  `feed_id` int DEFAULT NULL,
  `user_room_id` int DEFAULT NULL,
  PRIMARY KEY (`comment_id`),
  KEY `FKg554m92domilyknftfwsxeq17` (`feed_id`),
  KEY `FKems8fym2vklleqdopdyxicq8o` (`user_room_id`),
  CONSTRAINT `FKems8fym2vklleqdopdyxicq8o` FOREIGN KEY (`user_room_id`) REFERENCES `user_room` (`user_room_id`),
  CONSTRAINT `FKg554m92domilyknftfwsxeq17` FOREIGN KEY (`feed_id`) REFERENCES `feed` (`feed_id`)
) ENGINE=InnoDB AUTO_INCREMENT=94 DEFAULT CHARSET=utf8mb4 COLLATE=utf8mb4_0900_ai_ci;
/*!40101 SET character_set_client = @saved_cs_client */;

--
-- Dumping data for table `feed_comment`
--

LOCK TABLES `feed_comment` WRITE;
/*!40000 ALTER TABLE `feed_comment` DISABLE KEYS */;
INSERT INTO `feed_comment` VALUES (1,'네','2024-08-15 18:58:54.891460',_binary '',1,2),(2,'ㅎㅎ','2024-08-15 18:59:21.897168',_binary '',1,1),(3,'ㄱㄹㅇ','2024-08-15 19:00:39.168459',_binary '\0',2,1),(4,'ㅇㅇ','2024-08-15 19:04:11.133053',_binary '',5,2),(5,'오','2024-08-15 19:21:09.014881',_binary '\0',12,5),(6,'ㄱㅅ','2024-08-15 19:24:36.134985',_binary '',28,1),(7,'일단 내 가족 아님','2024-08-15 19:24:51.918320',_binary '',33,2),(8,'우리가족 어때오?','2024-08-15 19:25:04.883696',_binary '',33,1),(9,'ㅋ','2024-08-15 19:25:49.832973',_binary '',36,5),(10,'맛없겠다','2024-08-15 19:25:56.644382',_binary '',35,5),(11,'헉','2024-08-15 19:26:01.393104',_binary '',34,5),(12,'ㅋㅋ','2024-08-15 19:26:30.516636',_binary '',31,5),(13,'학생 글내려','2024-08-15 19:28:57.865932',_binary '\0',31,3),(14,'거짓말쟁이','2024-08-15 19:29:08.931918',_binary '',40,1),(15,'어드레스영','2024-08-15 19:29:21.814974',_binary '',25,5),(16,'40점 만점..','2024-08-15 19:46:33.311689',_binary '',78,2),(17,'헉','2024-08-15 19:47:59.810149',_binary '',51,5),(18,'오','2024-08-15 19:48:41.210414',_binary '',85,5),(19,'헐 똑같애','2024-08-15 19:48:57.803988',_binary '',88,1),(20,'중국인가?','2024-08-15 19:49:06.562311',_binary '',85,1),(21,'ㄱㅇㅇ','2024-08-15 19:49:08.199748',_binary '',84,2),(22,'ㅅㅅ','2024-08-15 19:49:20.041408',_binary '',88,5),(23,NULL,'2024-08-15 19:49:24.615260',_binary '\0',90,4),(24,'ㅋㅋ','2024-08-15 19:49:24.761419',_binary '',87,5),(25,NULL,'2024-08-15 19:49:38.774445',_binary '',92,1),(26,'뭉티기야?','2024-08-15 19:53:43.975387',_binary '',100,2),(27,'내 페어 ㅠㅠㅠㅠㅠ','2024-08-15 20:11:24.936718',_binary '',148,2),(28,'똥침','2024-08-15 20:11:36.384233',_binary '',145,2),(29,'뀽','2024-08-15 20:17:27.779564',_binary '',170,1),(30,'헉','2024-08-15 20:17:36.386549',_binary '',169,1),(31,'저거 환불안해주나요?','2024-08-15 20:17:39.287407',_binary '',169,5),(32,'귀여어','2024-08-15 20:17:41.708679',_binary '',167,1),(33,'귀여어','2024-08-15 20:17:45.969658',_binary '',166,1),(34,'규ㅣ여어','2024-08-15 20:17:49.916912',_binary '',165,1),(35,'오뭐임','2024-08-15 20:17:53.497719',_binary '',164,1),(36,'ㅋㅋ','2024-08-15 20:18:04.506596',_binary '',163,1),(37,'ㄷㄷ','2024-08-15 20:18:13.855984',_binary '',161,1),(38,'ㅎㅎ','2024-08-15 20:18:17.846509',_binary '',160,1),(39,NULL,'2024-08-15 20:25:44.250166',_binary '',202,1),(40,'헉 주량 6병 ','2024-08-15 20:32:22.724286',_binary '',186,7),(41,'헉 주량 12병','2024-08-15 20:33:04.613293',_binary '',234,7),(42,NULL,'2024-08-15 20:37:29.571733',_binary '',251,2),(43,NULL,'2024-08-15 20:58:47.605067',_binary '\0',255,2),(44,'','2024-08-15 20:58:48.814365',_binary '\0',255,2),(45,'삭제 및 수정 바랍니다','2024-08-15 20:59:34.966148',_binary '\0',265,2),(46,'내가?\n언제...','2024-08-15 20:59:50.227091',_binary '\0',255,2),(47,'내용','2024-08-15 21:00:00.331726',_binary '\0',255,2),(48,'귀여운 하나 ','2024-08-15 21:00:02.883030',_binary '',159,10),(49,'아니네?\n','2024-08-15 21:00:04.621002',_binary '\0',255,2),(50,'뭐지','2024-08-15 21:00:08.513920',_binary '\0',255,2),(51,'이뻐욤','2024-08-15 21:00:15.508813',_binary '',255,2),(52,'오~~','2024-08-15 22:57:54.785050',_binary '',281,11),(53,'헉 근데 진짜 맛있겟다','2024-08-15 23:20:45.010737',_binary '',258,1),(54,'녹차말차 넘조아','2024-08-15 23:20:51.272753',_binary '',258,1),(55,'안뇽','2024-08-15 23:38:31.405957',_binary '',15,8),(56,'ㄹㅎ','2024-08-16 01:39:25.715982',_binary '',284,11),(57,'ㄹㄹ','2024-08-16 01:39:29.604072',_binary '',284,11),(58,'ㄹㄹ','2024-08-16 01:39:31.440270',_binary '',284,11),(59,'ㅎㅎ','2024-08-16 01:39:35.304145',_binary '',284,11),(60,'ㅇㄹ','2024-08-16 01:39:38.551032',_binary '',284,11),(61,'ㄹㄹ','2024-08-16 01:39:42.654773',_binary '',284,11),(62,NULL,'2024-08-16 03:36:34.029903',_binary '',302,1),(63,'두근두근!!!','2024-08-16 11:39:21.517953',_binary '',307,2),(64,'화목해보인다~!','2024-08-16 11:39:29.104366',_binary '',306,2),(65,'뿌이! Mz갬성 !','2024-08-16 11:39:39.046586',_binary '',305,2),(66,'ㅋㅋㅋ큐ㅠㅠㅠㅠㅠㅠ','2024-08-16 11:39:44.639111',_binary '',304,2),(67,'‘이’..지흔..??????','2024-08-16 11:40:03.656323',_binary '',303,2),(68,'걸즈들','2024-08-16 11:40:11.254408',_binary '',301,2),(69,'오키오키','2024-08-16 12:29:47.067844',_binary '',313,2),(70,'오키들어가','2024-08-16 12:30:02.125135',_binary '',313,5),(71,'ㅡㅠ','2024-08-16 12:30:14.649586',_binary '',304,5),(72,'ㅅㅅ','2024-08-16 12:38:11.382195',_binary '',305,1),(73,'섯','2024-08-16 12:45:05.152087',_binary '\0',314,1),(74,'앳ㄱ.ㄹ','2024-08-16 12:48:07.092285',_binary '',315,19),(75,'ㅎㅅㅎ','2024-08-16 13:00:31.249260',_binary '\0',314,1),(76,'좀 만 더!!!','2024-08-16 14:09:37.305530',_binary '\0',315,2),(77,'Zzz','2024-08-16 14:09:46.534116',_binary '',315,2),(78,'댓글','2024-08-16 14:51:36.281703',_binary '',315,19),(79,'왜나만','2024-08-16 22:07:36.366591',_binary '',322,19),(80,'이문세!','2024-08-17 11:14:54.099991',_binary '',322,7),(81,NULL,'2024-08-17 12:15:07.128473',_binary '',322,5),(82,NULL,'2024-08-17 14:47:11.105555',_binary '\0',325,13),(83,NULL,'2024-08-17 14:47:49.605451',_binary '\0',325,13),(84,'','2024-08-17 14:47:54.305029',_binary '\0',325,13),(85,'나어딧겜','2024-08-17 15:34:13.308249',_binary '',326,11),(86,'ㄷㄷ 언제돌아옴~','2024-08-17 19:53:13.910054',_binary '',323,1),(87,'오늘갑니당','2024-08-18 13:49:38.994492',_binary '',323,5),(88,'삼신흑이 있으면 사악마백도 있나요?','2024-08-18 14:22:48.232414',_binary '',327,19),(89,'','2024-08-18 14:22:49.232387',_binary '\0',327,19),(90,'와…! 미춌다 소혀나 나됴 알려줘','2024-08-18 14:36:11.078758',_binary '',331,24),(91,'있다네요~ 8마넌어치 충동구매 완','2024-08-18 14:39:07.243716',_binary '',327,5),(92,'Q1. 다른 계정이 여기 들어요는 방법','2024-08-18 14:43:31.106291',_binary '',331,24),(93,'ㄱㅇㅇ','2024-08-18 15:05:55.571260',_binary '',332,29);
/*!40000 ALTER TABLE `feed_comment` ENABLE KEYS */;
UNLOCK TABLES;

--
-- Table structure for table `feed_image`
--

DROP TABLE IF EXISTS `feed_image`;
/*!40101 SET @saved_cs_client     = @@character_set_client */;
/*!50503 SET character_set_client = utf8mb4 */;
CREATE TABLE `feed_image` (
  `image_id` int NOT NULL AUTO_INCREMENT,
  `create_at` datetime(6) DEFAULT NULL,
  `image_order` int DEFAULT NULL,
  `image_url` varchar(255) DEFAULT NULL,
  `use_yn` bit(1) DEFAULT NULL,
  `feed_id` int DEFAULT NULL,
  PRIMARY KEY (`image_id`),
  KEY `FK6ucsld0tx762qhq8sp5khgv3n` (`feed_id`),
  CONSTRAINT `FK6ucsld0tx762qhq8sp5khgv3n` FOREIGN KEY (`feed_id`) REFERENCES `feed` (`feed_id`)
) ENGINE=InnoDB AUTO_INCREMENT=335 DEFAULT CHARSET=utf8mb4 COLLATE=utf8mb4_0900_ai_ci;
/*!40101 SET character_set_client = @saved_cs_client */;

--
-- Dumping data for table `feed_image`
--

LOCK TABLES `feed_image` WRITE;
/*!40000 ALTER TABLE `feed_image` DISABLE KEYS */;
INSERT INTO `feed_image` VALUES (1,'2024-01-15 18:59:35.814595',1,'image_660abc0d-daef-4efa-a661-ecbcdc6887ae.jpg',_binary '\0',2),(2,'2024-01-15 18:59:35.814595',1,'image_a9f6a8aa-cd71-4edd-b509-504b33eeaf3b.jpg',_binary '\0',3),(3,'2024-01-15 18:59:35.814595',2,'image_99497964-d787-43fb-b6bf-9b300df4422b.jpg',_binary '\0',3),(4,'2024-01-15 18:59:35.814595',3,'image_20f8e403-ae4a-42ad-9cee-3d8109ef5c7d.jpg',_binary '\0',3),(5,'2024-01-15 18:59:35.814595',4,'image_d0db71ce-a1eb-4093-9414-0a0d01ce8567.jpg',_binary '\0',3),(6,'2024-01-15 18:59:35.814595',1,'image_2e30855d-39c8-4444-ab92-82d6ed935ffd.jpg',_binary '\0',4),(7,'2024-01-15 18:59:35.814595',2,'image_99a23b32-e7a5-4c64-94cf-f07e91337c92.jpg',_binary '\0',4),(8,'2024-01-15 18:59:35.814595',3,'image_51acea26-c79d-407c-b66a-30a216ed4253.jpg',_binary '\0',4),(9,'2024-01-15 18:59:35.814595',4,'image_62364c9e-3577-4c2b-be1d-2806aec66c24.jpg',_binary '\0',4),(10,'2024-01-15 18:59:35.814595',1,'image_f2d93e0b-564a-4343-9422-a69f46a848fd.jpg',_binary '\0',6),(11,'2024-01-15 18:59:35.814595',1,'image_3a71293c-824e-44cf-a795-f2c63dfb02c8.jpg',_binary '',7),(12,'2024-01-15 18:59:35.814595',1,'image_4451648f-ac8f-4e70-8f87-06776769963c.jpg',_binary '',8),(13,'2024-01-15 18:59:35.814595',1,'image_1c7c7fb8-b103-48f3-96ba-6910b5519535.jpg',_binary '',9),(14,'2024-01-15 18:59:35.814595',2,'image_2c9baaae-8a85-45be-a8a1-126a6fc42bbe.jpg',_binary '',9),(15,'2024-01-15 18:59:35.814595',1,'image_93ab7637-0d97-403c-8d07-7052b479493a.jpg',_binary '',10),(16,'2024-02-15 19:17:20.102892',1,'image_c2ac85fe-2047-47a9-820a-920fb311ceb1.jpg',_binary '',11),(17,'2024-02-15 19:17:28.647361',1,'image_5d6fe61a-c1d2-40c0-9532-17ee240bd067.jpg',_binary '\0',12),(18,'2024-02-15 19:19:30.267114',1,'image_0fee9c37-a2e9-402d-ac0a-420d45a80505.jpg',_binary '',13),(19,'2024-03-15 19:22:25.164281',1,'image_fbe6717d-c2a1-4468-9dfc-35af4e540543.jpg',_binary '',16),(20,'2024-03-15 19:22:25.164281',1,'image_0daade5d-0270-4847-951b-ec22802df04f.jpg',_binary '\0',17),(21,'2024-03-15 19:22:25.164281',1,'image_cee85005-3ed6-47ee-a5cb-9d639bbc6f5c.jpg',_binary '\0',18),(22,'2024-03-15 19:22:25.164281',1,'image_90780c91-dd7c-4997-b918-dc5eb7e73704.jpg',_binary '\0',19),(23,'2024-03-15 19:22:25.164281',1,'image_cce87b2e-276a-4cef-aaab-ba0a78cfc93f.jpg',_binary '',20),(24,'2024-03-15 19:22:25.164281',1,'image_cec2b016-4282-45da-b4f2-916548031a6c.jpg',_binary '',21),(25,'2024-03-15 19:22:25.164281',1,'image_79dd713f-951c-414e-9281-5476081b5dd5.jpg',_binary '\0',22),(26,'2024-03-15 19:22:25.164281',1,'image_25686e50-5c41-430c-b394-016b31d12919.jpg',_binary '',23),(27,'2024-03-15 19:22:25.164281',1,'image_69ad6aa0-6e3d-4e39-8b0c-452e37f937bf.jpg',_binary '',24),(28,'2024-03-15 19:22:25.164281',1,'image_a7908c1a-d4c9-49a7-ad94-547fcd728e6e.jpg',_binary '',25),(29,'2024-03-15 19:22:25.164281',1,'image_10165abe-19d3-4752-a0ff-42c41516b1f1.jpg',_binary '',26),(30,'2024-03-15 19:22:25.164281',1,'image_133d97b2-aa5c-4a36-aebd-eb5f0014cac3.jpg',_binary '',27),(31,'2024-03-15 19:22:25.164281',1,'image_1856024c-766f-41f3-ae57-c24e1322aca7.jpg',_binary '',28),(32,'2024-03-15 19:22:25.164281',2,'image_8fdd4798-db01-4be5-a41a-37676d575238.jpg',_binary '',28),(33,'2024-03-15 19:22:25.164281',3,'image_d4527051-0d09-4663-b37e-6fe1752979fe.jpg',_binary '',28),(34,'2024-03-15 19:22:25.164281',1,'image_8f214ef6-845a-414e-9003-196568264db6.jpg',_binary '',29),(35,'2024-03-15 19:22:25.164281',1,'image_72c3ec4f-90ac-4e67-9197-bf56da3c8cd3.jpg',_binary '',31),(36,'2024-03-15 19:22:25.164281',1,'image_0d9a9810-1124-484a-93d9-f4ef4feba8b2.jpg',_binary '',30),(37,'2024-03-15 19:22:25.164281',1,'image_69a3e3c9-7932-48bc-b000-a18b57f0f75d.jpg',_binary '',32),(38,'2024-03-15 19:22:25.164281',1,'image_9e0b6ec2-f560-4f76-bdc5-9d14a7d9765b.jpg',_binary '',33),(39,'2024-03-15 19:22:25.164281',1,'image_4168f833-75ce-4737-b0e2-cbf9c999c937.jpg',_binary '',34),(40,'2024-03-15 19:22:25.164281',1,'image_c5e19243-ffb6-4ea0-8e54-5da5149d2ffb.jpg',_binary '',35),(41,'2024-03-15 19:22:25.164281',1,'image_b0bed91d-51e4-42b1-8ac8-dab7851ff3a5.jpg',_binary '',36),(42,'2024-03-15 19:22:25.164281',1,'image_5b09495f-453d-4762-ac19-3e278525fe87.jpg',_binary '',37),(43,'2024-03-15 19:22:25.164281',1,'image_40e9bd1e-7535-4196-add2-cc11e133c0b6.jpg',_binary '',38),(44,'2024-03-15 19:22:25.164281',1,'image_9bc00ee8-eca7-4987-834c-fe19f9e8a07e.jpg',_binary '',39),(45,'2024-03-15 19:22:25.164281',1,'image_cd850d34-fa8b-4926-aee0-ac7ef89b921c.jpg',_binary '',40),(46,'2024-03-15 19:22:25.164281',2,'image_c7fc2b28-d4ef-4dea-9bc4-0ea6715f2e3b.jpg',_binary '',40),(47,'2024-03-15 19:22:25.164281',1,'image_b8a34058-a4c5-41e7-806f-edea44b4127a.jpg',_binary '',41),(48,'2024-03-15 19:22:25.164281',1,'image_03a9e873-f273-4f77-8372-336363aa7791.jpg',_binary '',42),(49,'2024-03-15 19:22:25.164281',1,'image_9075e2a1-8c46-4982-95f1-6985539149a8.jpg',_binary '\0',43),(50,'2024-03-15 19:22:25.164281',1,'image_8bcf4f07-fb81-49be-9c07-7579e319ae76.jpg',_binary '\0',44),(51,'2024-03-15 19:22:25.164281',1,'image_cf9b9718-f953-4683-9dd2-85917b56a86b.jpg',_binary '',45),(52,'2024-03-15 19:22:25.164281',1,'image_1308b428-a22a-4cc1-8d48-9717f2916266.jpg',_binary '\0',46),(53,'2024-03-15 19:22:25.164281',1,'image_0af281d0-229a-4a33-adb4-597a17dbb46d.jpg',_binary '',47),(54,'2024-03-15 19:22:25.164281',1,'image_e8984c9f-9722-4950-9c88-5289e6aeb24c.jpg',_binary '',48),(55,'2024-03-15 19:22:25.164281',1,'image_63f7a1e1-7285-48e7-97c1-7dfd75c5b929.jpg',_binary '\0',49),(56,'2024-03-15 19:22:25.164281',1,'image_60b78b35-b3b1-4c4a-be1b-9123a972a3b4.jpg',_binary '',50),(57,'2024-03-15 19:22:25.164281',1,'image_dd4b5809-5f2c-434c-abf1-9ac43470bc4e.jpg',_binary '',51),(58,'2024-03-15 19:22:25.164281',1,'image_be1ac85c-6833-4cf9-8312-3a61d623b597.jpg',_binary '',53),(59,'2024-03-15 19:22:25.164281',1,'image_71f70e73-af1f-4e8d-a820-f491725cb8dc.jpg',_binary '\0',55),(60,'2024-03-15 19:22:25.164281',1,'image_6185d6d0-99c5-4fa6-a8d1-e454234d50d9.jpg',_binary '',57),(61,'2024-03-15 19:22:25.164281',1,'image_a0608bbf-e934-4790-a9fa-80a10d285d84.jpg',_binary '',58),(62,'2024-03-15 19:22:25.164281',1,'image_3593ec19-bd89-4830-9ebc-8e7a3d58cb6e.jpg',_binary '',60),(63,'2024-03-15 19:22:25.164281',1,'image_522ae821-b2ea-4046-af40-5fa7b133aec0.jpg',_binary '',61),(64,'2024-03-15 19:22:25.164281',1,'image_69e00f90-7ea9-40cd-9d8c-909ae8977979.jpg',_binary '\0',62),(65,'2024-03-15 19:22:25.164281',1,'image_c043edaa-edb4-4ad4-bd92-aeb527a009ce.jpg',_binary '',63),(66,'2024-03-15 19:22:25.164281',1,'image_487b52f9-d7bb-473e-aecd-4ae39ef6fa46.jpg',_binary '',64),(67,'2024-03-15 19:22:25.164281',1,'image_44c188ac-7bf7-4f97-8a45-c751d8595edf.jpg',_binary '',65),(68,'2024-03-15 19:22:25.164281',1,'image_0e5619c6-e668-4a71-b900-67cd5f44e49b.jpg',_binary '\0',67),(69,'2024-03-15 19:22:25.164281',1,'image_9a23ba39-21ab-4e8e-ba91-d5035dc218c0.jpg',_binary '\0',68),(70,'2024-04-15 19:44:20.400994',1,'image_98be9187-1443-4607-be73-73081d5a0966.jpg',_binary '',69),(71,'2024-04-15 19:44:20.400994',2,'image_c643e00d-f187-4110-952a-156595ff04cb.jpg',_binary '',69),(72,'2024-04-15 19:44:20.400994',3,'image_b49d150f-d34a-4487-a431-65ff170b1877.jpg',_binary '',69),(73,'2024-04-15 19:44:20.400994',1,'image_ce0001e2-e61b-4fd8-8ad2-0f0553cb70b8.jpg',_binary '',70),(74,'2024-04-15 19:44:20.400994',1,'image_4ed637db-c00e-4dd2-bbcc-71d1284cbe4e.jpg',_binary '',71),(75,'2024-04-15 19:44:20.400994',1,'image_bdd0a6b3-5c84-4e2e-b91e-0acb533533bd.jpg',_binary '',72),(76,'2024-04-15 19:44:20.400994',1,'image_c95aa598-ba23-4738-aafa-3ac728bd19b7.jpg',_binary '',73),(77,'2024-04-15 19:44:20.400994',1,'image_6f7d22da-55c5-4992-8caa-d16e6a3e755f.jpg',_binary '',74),(78,'2024-04-15 19:44:20.400994',1,'image_e293880c-6885-472c-8f3f-e298441c458e.jpg',_binary '',75),(79,'2024-04-15 19:44:20.400994',1,'image_3b5e98a2-42a0-4b43-afff-ea34c87d8bf5.jpg',_binary '',76),(80,'2024-04-15 19:44:20.400994',1,'image_afbaf3ea-a6b9-4bc7-9d8b-4cad04e56376.jpg',_binary '',77),(81,'2024-04-15 19:44:20.400994',1,'image_c486b9d5-1203-4496-a69c-b5e678fe5089.jpg',_binary '',78),(82,'2024-04-15 19:44:20.400994',1,'image_65a0a409-e980-4183-b043-451bbe7e27c4.jpg',_binary '',79),(83,'2024-04-15 19:44:20.400994',1,'image_2f631294-acc8-426c-990f-fc448fd1e7a2.jpg',_binary '',80),(84,'2024-04-15 19:44:20.400994',1,'image_5354dd13-6fdb-4a5f-a906-dc1c8dc845d1.jpg',_binary '',81),(85,'2024-04-15 19:44:20.400994',2,'image_66ce5b6d-22ef-489d-8ee9-dbf4fa20e269.jpg',_binary '',81),(86,'2024-04-15 19:44:20.400994',3,'image_ee50e9c9-f941-410d-bedf-f08e773152ab.jpg',_binary '',81),(87,'2024-04-15 19:44:20.400994',1,'image_11d33421-ff6d-4365-9fb4-ae10d771583b.jpg',_binary '\0',82),(88,'2024-04-15 19:44:20.400994',2,'image_eb3b3cf8-0765-4aa0-8360-922a115c3b7d.jpg',_binary '\0',82),(89,'2024-04-15 19:44:20.400994',1,'image_9337b8b3-c5b8-4c62-bcf1-60dc79e6efbe.jpg',_binary '\0',83),(90,'2024-04-15 19:44:20.400994',2,'image_2277bc24-dc01-4dbd-8d95-35b0c47922f4.jpg',_binary '\0',83),(91,'2024-04-15 19:44:20.400994',1,'image_b79b0f2b-7aba-4096-94b1-dc4ae447b171.jpg',_binary '',84),(92,'2024-04-15 19:44:20.400994',2,'image_f5429aad-80e6-448e-bf76-873bdb65c7b5.jpg',_binary '',84),(93,'2024-04-15 19:44:20.400994',1,'image_17721147-2e65-4c8a-8b11-9f9e75c1b97b.jpg',_binary '',85),(94,'2024-04-15 19:44:20.400994',1,'image_0afc7202-ab95-4762-9ab4-8a51c77ed1fb.jpg',_binary '',86),(95,'2024-04-15 19:44:20.400994',1,'image_446c0075-9cd7-4bb5-94ef-6fa812e647c1.jpg',_binary '',87),(96,'2024-04-15 19:44:20.400994',1,'image_ab4d1204-1b48-456c-bcf4-4a81930fe929.jpg',_binary '',88),(97,'2024-04-15 19:44:20.400994',1,'image_e382e3d6-163f-48a1-93dc-220270e01851.jpg',_binary '',89),(98,'2024-04-15 19:44:20.400994',1,'image_9fdc1a57-38c5-4208-92e9-c20b42091a82.jpg',_binary '',90),(99,'2024-04-15 19:44:20.400994',1,'image_0c6e590c-720e-4ec5-bf2d-bf664e2b9959.jpg',_binary '',91),(100,'2024-04-15 19:44:20.400994',1,'image_4be3fe83-384e-4e67-aca2-e9ca5ed70719.jpg',_binary '',92),(101,'2024-04-15 19:44:20.400994',1,'image_324702a1-dbdc-4654-88a1-13fb98585988.jpg',_binary '',93),(102,'2024-04-15 19:44:20.400994',1,'image_84eb7586-24ef-4b94-a021-9488884a8fad.jpg',_binary '',94),(103,'2024-04-15 19:44:20.400994',1,'image_341bcba4-ea05-4790-856f-20be1b03f07d.jpg',_binary '',95),(104,'2024-04-15 19:44:20.400994',1,'image_52ac6941-f289-40b6-bc51-5a961d463c97.jpg',_binary '',96),(105,'2024-04-15 19:44:20.400994',1,'image_e6df05d1-25d8-48ec-ab1a-69cb7f166a03.jpg',_binary '',97),(106,'2024-05-15 19:52:03.599485',1,'image_72f5996f-ef06-438e-b7e4-f258f4dba8f8.jpg',_binary '',98),(107,'2024-05-15 19:52:03.599485',1,'image_8f7ec88d-63b3-4af3-a169-d7cace3605ea.jpg',_binary '',99),(108,'2024-05-15 19:52:03.599485',1,'image_63417a01-149e-46e4-b026-3946578f6d8d.jpg',_binary '',100),(109,'2024-05-15 19:52:03.599485',1,'image_4e1f978f-7150-4196-bc8b-5744490d4912.jpg',_binary '',101),(110,'2024-05-15 19:52:03.599485',1,'image_8c7a5918-9b2d-431d-ada3-82d40939d272.jpg',_binary '',102),(111,'2024-05-15 19:52:03.599485',1,'image_c63b368e-59f2-48f4-b2fb-e367759fe763.jpg',_binary '\0',103),(112,'2024-05-15 19:52:03.599485',1,'image_9c33a713-a9ee-4656-a821-868942fd072b.jpg',_binary '',105),(113,'2024-05-15 19:52:03.599485',1,'image_0aec4bb8-f690-436b-b9a1-2d82228fe807.jpg',_binary '',104),(114,'2024-05-15 19:52:03.599485',1,'image_f36e95c7-0169-4f44-b707-12eea25966e1.jpg',_binary '',106),(115,'2024-05-15 19:52:03.599485',1,'image_af926c49-19c7-4008-8d59-10a64027002a.jpg',_binary '',107),(116,'2024-05-15 19:52:03.599485',1,'image_e16dcaaa-c784-49aa-b9d7-88face376812.jpg',_binary '\0',108),(117,'2024-05-15 19:52:03.599485',1,'image_2990e104-1683-4e78-83fe-886f84c2ee11.jpg',_binary '',109),(118,'2024-05-15 19:52:03.599485',1,'image_a34143fe-91ad-4801-ad3d-53cc7029668f.jpg',_binary '',110),(119,'2024-05-15 19:52:03.599485',1,'image_a7215c35-eb3f-49cc-a582-e74a99271203.jpg',_binary '',111),(120,'2024-05-15 19:52:03.599485',1,'image_eb8b6314-1ef3-49d4-a8ce-f5a57b35f9ff.jpg',_binary '',112),(121,'2024-05-15 19:52:03.599485',1,'image_ec65e53e-30da-4329-8e64-cf0ee24323f8.jpg',_binary '',113),(122,'2024-05-15 19:52:03.599485',1,'image_99b44944-4f0b-4812-831d-80e5a48be1ed.jpg',_binary '',114),(123,'2024-05-15 19:52:03.599485',1,'image_c34f9591-883f-4a61-90bf-9cbbf1ffdebb.jpg',_binary '\0',115),(124,'2024-05-15 19:52:03.599485',1,'image_623598e4-3f4c-42fd-82f2-42172cf1f5c5.jpg',_binary '',116),(125,'2024-05-15 19:52:03.599485',1,'image_3a1cb3a1-2e86-4e8b-b69c-49c9c39c2c54.jpg',_binary '',117),(126,'2024-05-15 19:52:03.599485',1,'image_f20d5af0-a8ab-46c4-a74a-a7734f4121a5.jpg',_binary '',118),(127,'2024-05-15 19:52:03.599485',1,'image_3af2d719-8f60-4760-a8ae-03d1d5e4c0aa.jpg',_binary '',119),(128,'2024-05-15 19:52:03.599485',1,'image_b78be1c1-28a8-489b-8cf9-cce2b399a45c.jpg',_binary '',120),(129,'2024-05-15 19:52:03.599485',1,'image_62b27e48-0cf9-4bae-983d-ae3fe262c7e7.jpg',_binary '\0',121),(130,'2024-05-15 19:52:03.599485',1,'image_112cb717-3332-476c-9168-5b05bf048f28.jpg',_binary '',122),(131,'2024-05-15 19:52:03.599485',1,'image_4af3bfe0-b932-4e70-a2e3-61fbadd022c7.jpg',_binary '',123),(132,'2024-05-15 19:52:03.599485',1,'image_0fc02002-25d0-4639-b479-d25d1e268111.jpg',_binary '',124),(133,'2024-05-15 19:52:03.599485',1,'image_1158f4ae-dd9d-4101-b8a5-57c445bbb2c9.jpg',_binary '',125),(134,'2024-05-15 19:52:03.599485',1,'image_8ca33586-4217-42a8-94b5-c31e9af706d1.jpg',_binary '',126),(135,'2024-05-15 19:52:03.599485',1,'image_94d317cf-f3be-40d1-9c07-517cae2104a5.jpg',_binary '',127),(136,'2024-05-15 19:52:03.599485',1,'image_e7f13fed-79b3-427f-95c3-055e543b491a.jpg',_binary '\0',128),(137,'2024-05-15 19:52:03.599485',1,'image_4fe9411f-5c1f-4752-a127-47354ada2975.jpg',_binary '',129),(138,'2024-05-15 19:52:03.599485',1,'image_bb3f0377-38d4-4171-9955-e1cb44eb84a8.jpg',_binary '',130),(139,'2024-05-15 19:52:03.599485',1,'image_fdd68c59-df92-4688-bec1-430499f1a193.jpg',_binary '',131),(140,'2024-05-15 19:52:03.599485',1,'image_72c11b01-7cfe-4464-94a9-1de32bcf2230.jpg',_binary '\0',132),(141,'2024-05-15 19:52:03.599485',1,'image_af4a24e3-4bf0-480e-89c8-345af8cfdf11.jpg',_binary '',133),(142,'2024-05-15 19:52:03.599485',1,'image_2cc1ded3-3ee3-4db1-956b-490636f5fc9e.jpg',_binary '',134),(143,'2024-05-15 19:52:03.599485',1,'image_3770c53b-ba5c-4c65-adc0-819b5f19a2ff.jpg',_binary '',135),(144,'2024-05-15 19:52:03.599485',1,'image_abd0d43b-5eda-4441-b8c8-7191c998c5d4.jpg',_binary '',136),(145,'2024-06-15 20:02:02.615526',1,'image_eb13d956-501f-4984-9a5d-a854c4ce6a47.jpg',_binary '',137),(146,'2024-06-15 20:02:02.615526',1,'image_db12f8a2-fe73-4774-9a82-5f7c66b1c6ae.jpg',_binary '',138),(147,'2024-06-15 20:02:02.615526',1,'image_a7f5bafe-2d4f-4dfe-96d3-4b09c8ea23fb.jpg',_binary '\0',139),(148,'2024-06-15 20:02:02.615526',1,'image_1ce66001-a56e-4aa8-936f-001c7077037a.jpg',_binary '',140),(149,'2024-08-15 20:02:54.490442',1,'image_98def37d-cd11-4825-ad83-a0be5e34bef4.jpg',_binary '',141),(150,'2024-06-15 20:02:02.615526',1,'image_054505dd-2795-4850-9658-e95154311c4a.jpg',_binary '\0',142),(151,'2024-06-15 20:02:02.615526',1,'image_af3fe0ea-9633-47e4-97b9-b8cc44dfcc5b.jpg',_binary '\0',143),(152,'2024-06-15 20:02:02.615526',1,'image_8065e7ce-039e-42a8-b694-0e96050bfa53.jpg',_binary '',144),(153,'2024-06-15 20:02:02.615526',1,'image_5243d8e9-37db-437e-87cf-37a8653195f5.jpg',_binary '',145),(154,'2024-06-15 20:02:02.615526',1,'image_8ffc20e7-2dc4-4bfa-a76c-f9ffc2934ac0.jpg',_binary '',146),(155,'2024-06-15 20:02:02.615526',1,'image_247ea146-d9c7-4ca8-ba7a-522edcf945c1.jpg',_binary '',147),(156,'2024-06-15 20:02:02.615526',1,'image_c3a02217-0904-4764-8e15-6f379ec989f4.jpg',_binary '',148),(157,'2024-06-15 20:02:02.615526',2,'image_0b87e59e-5858-48d5-ad77-6a355bad1690.jpg',_binary '\0',143),(158,'2024-06-15 20:02:02.615526',1,'image_69878fa1-f027-495b-9ac1-9be69f4fe02f.jpg',_binary '',149),(159,'2024-06-15 20:02:02.615526',1,'image_f56fa482-9c8f-4462-83cc-b04484e4ad29.jpg',_binary '',150),(160,'2024-06-15 20:02:02.615526',1,'image_8f346add-a585-4783-8a1f-305700f9c236.jpg',_binary '',151),(161,'2024-06-15 20:02:02.615526',1,'image_185cfc77-eabf-4409-b8b7-a399aea90676.jpg',_binary '',152),(162,'2024-06-15 20:02:02.615526',1,'image_99155e4e-b92f-4a2b-9efe-87af4d1648f5.jpg',_binary '',153),(163,'2024-06-15 20:02:02.615526',1,'image_d3dee7f7-b27a-4f96-91c3-9e717a0abd9a.jpg',_binary '',154),(164,'2024-06-15 20:02:02.615526',1,'image_14cdd25a-e9b6-486a-9643-6189d3ded9e9.jpg',_binary '',155),(165,'2024-06-15 20:02:02.615526',1,'image_22bea189-0804-40fe-9c45-5486bbfe23ac.jpg',_binary '',156),(166,'2024-06-15 20:02:02.615526',1,'image_2f4070e0-bb62-464a-8a7d-3d1d6347b12a.jpg',_binary '',157),(167,'2024-06-15 20:02:02.615526',1,'image_0336e194-50fd-4da1-b9ff-34b29d1ab936.jpg',_binary '',158),(168,'2024-06-15 20:02:02.615526',1,'image_9b51322f-8bc2-4898-bf90-516d6fd98bb6.jpg',_binary '',159),(169,'2024-06-15 20:02:02.615526',1,'image_2da0fe98-5a88-4e09-b5dd-32b66a5989e7.jpg',_binary '',160),(170,'2024-06-15 20:02:02.615526',1,'image_9767ecce-bda5-411d-b478-36423985e295.jpg',_binary '',161),(171,'2024-06-15 20:02:02.615526',1,'image_f659465e-8997-4d75-92ae-b8b1fc5082f7.jpg',_binary '',162),(172,'2024-06-15 20:02:02.615526',1,'image_3b56ff20-b043-42a6-8980-2f962429d514.jpg',_binary '',163),(173,'2024-06-15 20:02:02.615526',1,'image_7d94f0da-abc0-4ddf-8c9b-fca55c792ad3.jpg',_binary '',164),(174,'2024-06-15 20:02:02.615526',1,'image_e8516d23-5ea5-4f6d-8332-5f0406a0327d.jpg',_binary '',165),(175,'2024-06-15 20:02:02.615526',1,'image_a95d1bfb-ab14-41a3-857e-4eeac7619749.jpg',_binary '',166),(176,'2024-06-15 20:02:02.615526',1,'image_e652af5e-f6fb-4af3-959e-3bb3980f7726.jpg',_binary '',167),(177,'2024-06-15 20:02:02.615526',1,'image_0e8c7768-2d4f-4112-ac23-0e8d14b1c3f8.jpg',_binary '',168),(178,'2024-06-15 20:02:02.615526',1,'image_38e80590-28c5-49f9-a6d0-9ea341b9caec.jpg',_binary '',169),(179,'2024-06-15 20:02:02.615526',1,'image_2bd7b66c-552c-472c-95f1-9e0ad2a7890e.jpg',_binary '',170),(180,'2024-06-15 20:02:02.615526',1,'image_e2617eaf-e82f-4eb0-be7f-16210d6f998e.jpg',_binary '',171),(181,'2024-06-15 20:02:02.615526',1,'image_4b897cd0-03a9-4922-8525-c50d96e7ce68.jpg',_binary '',172),(182,'2024-06-15 20:02:02.615526',1,'image_68c4e492-fc0d-41ee-9cc1-3f01a9f50f4b.jpg',_binary '',173),(183,'2024-06-15 20:02:02.615526',1,'image_95764bcb-b1e9-499f-ba67-1f0025ec1c58.jpg',_binary '',174),(184,'2024-06-15 20:02:02.615526',1,'image_ccc41fc2-a100-413c-ab3b-83b9e9eb26c6.jpg',_binary '',175),(185,'2024-06-15 20:02:02.615526',1,'image_898f6aa8-7750-4bbc-b094-5b72d0e2d279.jpg',_binary '',176),(186,'2024-06-15 20:02:02.615526',1,'image_8e92d80f-6be7-4294-bb05-4f75a47ad1be.jpg',_binary '',177),(187,'2024-06-15 20:02:02.615526',1,'image_b260aba4-450d-45da-a680-139a964cb2ec.jpg',_binary '',178),(188,'2024-06-15 20:02:02.615526',1,'image_41ac58a0-cacb-4b9c-a4ed-84e1af2357f3.jpg',_binary '\0',179),(189,'2024-06-15 20:02:02.615526',1,'image_627104cf-4a54-4947-a6f6-14fe801b0e2a.jpg',_binary '',180),(190,'2024-06-15 20:02:02.615526',1,'image_c4d1e0f2-d41c-43a5-8dbe-0b3077cb764e.jpg',_binary '',181),(191,'2024-06-15 20:02:02.615526',1,'image_ecff330c-9429-4a98-a545-d5bdb18ae7ce.jpg',_binary '',182),(192,'2024-06-15 20:02:02.615526',1,'image_2b7c3abc-7371-4d0f-802b-ba51a7f97e77.jpg',_binary '',183),(193,'2024-06-15 20:02:02.615526',1,'image_b0d82c26-3bdd-42b2-b373-43e46afa871f.jpg',_binary '',184),(194,'2024-06-15 20:02:02.615526',1,'image_5b39bc64-02b1-4e84-a90f-f8fcf1147b0b.jpg',_binary '',185),(195,'2024-06-15 20:02:02.615526',1,'image_54ef1944-f887-4373-904b-9f4248b6f5fe.jpg',_binary '',186),(196,'2024-06-15 20:02:02.615526',1,'image_967f17fa-c5ae-4d16-b948-de7d9905d0e3.jpg',_binary '',187),(197,'2024-06-15 20:02:02.615526',1,'image_ebdcd4ac-0b52-416b-8804-bfcce283514c.jpg',_binary '',188),(198,'2024-06-15 20:02:02.615526',1,'image_b7e3c1f1-021d-45d1-abda-dfd905b9a6a1.jpg',_binary '',189),(199,'2024-06-15 20:02:02.615526',1,'image_060a8c0f-8913-414c-bb68-87641e5ba6f0.jpg',_binary '',191),(200,'2024-06-15 20:02:02.615526',1,'image_d80699d1-da0e-4da3-8f7d-cb24bcdbea61.jpg',_binary '',190),(201,'2024-06-15 20:02:02.615526',1,'image_7f5f69e9-15e9-4707-9091-d44fe0e98731.jpg',_binary '',192),(202,'2024-06-15 20:02:02.615526',1,'image_00e9a2de-60db-4ab3-9366-3de8767f35e9.jpg',_binary '',193),(203,'2024-06-15 20:02:02.615526',1,'image_8bf510a0-0ee5-4482-b3f4-0acee999f38b.jpg',_binary '',194),(204,'2024-06-15 20:02:02.615526',2,'image_debfa209-1cf8-458c-96a9-d6a53fb4bd28.jpg',_binary '',194),(205,'2024-06-15 20:02:02.615526',1,'image_66f976af-bb1f-4427-9618-d0597d18c8e3.jpg',_binary '',195),(206,'2024-06-15 20:02:02.615526',2,'image_021da418-e87b-4d5e-9bdf-cd8fa01319be.jpg',_binary '',195),(207,'2024-06-15 20:02:02.615526',1,'image_434b0987-1309-49e0-a67d-3ae8ffeec388.jpg',_binary '',196),(208,'2024-06-15 20:02:02.615526',1,'image_d2f5c9f8-b07d-4888-9421-21f2f16cdf2d.jpg',_binary '',197),(209,'2024-06-15 20:02:02.615526',1,'image_6d6e5bcc-7fbd-44ba-9426-2701dd88c09f.jpg',_binary '',198),(210,'2024-06-15 20:02:02.615526',1,'image_8cb2595f-5d24-4060-9a09-a0352885d243.jpg',_binary '',199),(211,'2024-06-15 20:02:02.615526',1,'image_8ad5df1d-7c03-404f-adf5-f4d90d003e72.jpg',_binary '',200),(212,'2024-06-15 20:02:02.615526',1,'image_b5fb090a-53a4-4d93-914f-79738fbc99c5.jpg',_binary '',201),(213,'2024-06-15 20:02:02.615526',1,'image_03066ed1-ff17-4009-92fa-8515f8265fd2.jpg',_binary '',202),(214,'2024-06-15 20:02:02.615526',1,'image_8d0d6896-bd7c-440b-90e4-2600f179a6d2.jpg',_binary '',203),(215,'2024-06-15 20:02:02.615526',1,'image_95cdfda3-f7f0-4c70-896e-581c1500309c.jpg',_binary '',204),(216,'2024-06-15 20:02:02.615526',1,'image_ec5b0ab6-d2bc-4997-b074-df359c346490.jpg',_binary '',205),(217,'2024-06-15 20:02:02.615526',1,'image_c593bba2-5f5a-459e-ae51-2d174cde6b5e.jpg',_binary '',206),(218,'2024-06-15 20:02:02.615526',1,'image_76c19d18-306a-4ac8-8987-94795e3ff71f.jpg',_binary '',207),(219,'2024-06-15 20:02:02.615526',1,'image_c3dcf6d3-1a0e-400a-bfc7-2259704ce137.jpg',_binary '',208),(220,'2024-06-15 20:02:02.615526',1,'image_a49a1d27-7251-4483-8b0a-31b8f9871f12.jpg',_binary '',209),(221,'2024-06-15 20:02:02.615526',1,'image_6b6c3160-38ce-4718-8829-666c58de254b.jpg',_binary '',210),(222,'2024-06-15 20:02:02.615526',1,'image_83fb6991-cff4-4751-b822-d70e7b384321.jpg',_binary '',211),(223,'2024-06-15 20:02:02.615526',1,'image_ab1b5dc2-0f95-4f38-b7f8-b530887d3798.jpg',_binary '',212),(224,'2024-06-15 20:02:02.615526',1,'image_1c256914-6c2e-4477-a239-4a87defda224.jpg',_binary '',213),(225,'2024-06-15 20:02:02.615526',1,'image_e5733132-c2e3-4cc2-b514-771885c98a0d.jpg',_binary '\0',214),(226,'2024-06-15 20:02:02.615526',1,'image_63db0934-6b70-41be-8584-8d211e74c377.jpg',_binary '',215),(227,'2024-06-15 20:02:02.615526',1,'image_f21934b4-c303-4650-b7a2-76564db182d6.jpg',_binary '\0',216),(228,'2024-06-15 20:02:02.615526',1,'image_a213ced0-8bd7-4d9c-bb3c-95d8ba9793d3.jpg',_binary '',217),(229,'2024-06-15 20:02:02.615526',1,'image_04a7b2ec-f334-4d22-aa60-978d2345ead6.jpg',_binary '\0',218),(230,'2024-06-15 20:02:02.615526',1,'image_199202d3-5242-4ac0-9098-231c4ab8b8f0.jpg',_binary '',219),(231,'2024-06-15 20:02:02.615526',2,'image_c92c7311-444d-4db0-a4f4-da9d7f7188f5.jpg',_binary '\0',218),(232,'2024-06-15 20:02:02.615526',1,'image_8a566c77-8520-46b4-ab4f-39fce8efb23d.jpg',_binary '',220),(233,'2024-06-15 20:02:02.615526',1,'image_bb97c951-6382-4651-a0e2-cc0a59299dac.jpg',_binary '',221),(234,'2024-06-15 20:02:02.615526',1,'image_2bc75ef3-eee7-42b4-8085-86e2d1f7b537.jpg',_binary '',222),(235,'2024-06-15 20:02:02.615526',1,'image_150bc78d-3be4-4516-8872-37297bd95803.jpg',_binary '',223),(236,'2024-06-15 20:02:02.615526',1,'image_3acbe9cb-2f96-4158-92c2-64555c4d225b.jpg',_binary '',226),(237,'2024-06-15 20:02:02.615526',1,'image_dbd23141-87f7-41ed-bad6-ed9e11bf1f62.jpg',_binary '',227),(238,'2024-06-15 20:02:02.615526',1,'image_2e14492b-e057-4bdc-9225-d10cee557226.jpg',_binary '',228),(239,'2024-06-15 20:02:02.615526',1,'image_a9cd0477-b969-4ac5-9351-a59c79616d56.jpg',_binary '',230),(240,'2024-06-15 20:02:02.615526',1,'image_fc411c54-5a66-4ebf-b243-cbe37db21d59.jpg',_binary '',231),(241,'2024-06-15 20:02:02.615526',1,'image_a619630d-ce30-46c5-a47e-3e6967ccedb5.jpg',_binary '',232),(242,'2024-06-15 20:02:02.615526',1,'image_a7d70e29-99bc-460f-8ecd-1727258c9627.jpg',_binary '\0',233),(243,'2024-06-15 20:02:02.615526',1,'image_cadf82ef-5402-4b6e-9905-30a5a536677c.jpg',_binary '',234),(244,'2024-06-15 20:02:02.615526',1,'image_52acdf3e-5e11-49be-bd92-ecbd8772d9f8.jpg',_binary '',235),(245,'2024-06-15 20:02:02.615526',1,'image_967cb43c-a223-42bb-9cd8-a44c74ae5e8b.jpg',_binary '',236),(246,'2024-06-15 20:02:02.615526',1,'image_66726f60-70c0-4b65-8c91-6c06d5144016.jpg',_binary '',237),(247,'2024-06-15 20:02:02.615526',1,'image_81b73dfc-58f0-4072-b55d-585e09a09dc2.jpg',_binary '\0',238),(248,'2024-06-15 20:02:02.615526',1,'image_fde65acf-429d-419d-b61f-83bd125a71a9.jpg',_binary '',239),(249,'2024-06-15 20:02:02.615526',1,'image_e947a251-709a-4d1c-b8c5-5b790d754db4.jpg',_binary '',240),(250,'2024-06-15 20:02:02.615526',1,'image_5acddd9d-02c5-4f81-8ba8-a1ee61a698dd.jpg',_binary '',241),(251,'2024-06-15 20:02:02.615526',1,'image_a0fbd105-7c3f-4e91-b6ba-57f7174079e1.jpg',_binary '\0',242),(252,'2024-06-15 20:02:02.615526',1,'image_6146d7be-8273-4c5b-b2ba-999013488857.jpg',_binary '',243),(253,'2024-06-15 20:02:02.615526',1,'image_413fca10-2e15-4404-9132-7fa754a8abc7.jpg',_binary '',244),(254,'2024-06-15 20:02:02.615526',1,'image_4d52be5f-0c07-41f8-8522-0d26502a3575.jpg',_binary '',245),(255,'2024-06-15 20:02:02.615526',1,'image_baa6d9b4-daf4-4a5b-8f52-ab67d940eff8.jpg',_binary '',246),(256,'2024-08-15 20:36:46.016538',1,'image_1f3b9615-6577-48a3-8b8a-5653e0367c27.jpg',_binary '',247),(257,'2024-08-15 20:36:51.090815',1,'image_643cf968-0bdc-489c-8b4d-0628be64a144.jpg',_binary '',248),(258,'2024-06-15 20:02:02.615526',1,'image_e7431b8f-0584-4a9c-bef4-84ffe9603a59.jpg',_binary '',249),(259,'2024-06-15 20:02:02.615526',1,'image_79733426-05c3-477c-83fc-95e8d9c55925.jpg',_binary '\0',250),(260,'2024-06-15 20:02:02.615526',1,'image_13dbb216-6b65-448e-ae78-1e34a44093b0.jpg',_binary '',251),(261,'2024-06-15 20:02:02.615526',1,'image_241e7c85-68db-45ae-a030-fc6845d3656c.jpg',_binary '\0',252),(262,'2024-06-15 20:02:02.615526',1,'image_5e7d32bc-39da-40bf-a04f-4580f5e0a710.jpg',_binary '',253),(263,'2024-06-15 20:02:02.615526',1,'image_c9da3e08-544c-44d6-97f2-37d3bfc2042a.jpg',_binary '',254),(264,'2024-06-15 20:02:02.615526',2,'image_ec4302f5-8f4d-4a11-aaef-a72dab67c7e3.jpg',_binary '\0',254),(265,'2024-06-15 20:02:02.615526',1,'image_a176dc9f-f0a1-4e45-9351-23d4d3d44a78.jpg',_binary '',255),(266,'2024-06-15 20:02:02.615526',1,'image_47aa8284-9da6-422e-990d-2e0c07019b69.jpg',_binary '\0',256),(267,'2024-06-15 20:02:02.615526',1,'image_85ffea89-851d-4af3-aee5-61b67cdff400.jpg',_binary '',257),(268,'2024-06-15 20:02:02.615526',1,'image_552bc5f3-44ba-467d-a824-ca59c9f92dd7.jpg',_binary '',258),(269,'2024-06-15 20:02:02.615526',1,'image_f6b0394c-0afa-426e-b654-91ba233cd5cd.jpg',_binary '',259),(270,'2024-08-15 20:50:08.653811',1,'image_59649024-b732-487f-911c-292cd1e85241.jpg',_binary '\0',265),(271,'2024-08-15 20:50:39.859522',1,'image_efbf8645-4be2-42fb-a268-21b96a3b8d8d.jpg',_binary '\0',266),(272,'2024-08-15 20:50:53.478417',1,'image_c9a9b80c-74c7-4a7a-91c7-f6dd8c6dfabb.jpg',_binary '\0',267),(273,'2024-08-15 21:03:54.942721',2,'image_65f4acf0-abb5-48f9-bbab-224b8abf42d0.jpg',_binary '',252),(274,'2024-08-15 21:03:56.936661',2,'image_c31ce884-486e-4f66-a126-191e808a4702.jpg',_binary '\0',265),(275,'2024-08-15 21:19:09.671020',1,'image_ed8312e0-d695-4b40-a43c-86ca0877279f.jpg',_binary '\0',268),(276,'2024-08-15 21:39:26.585306',2,'image_1fd6d101-1950-412c-934b-89f6faee3857.jpg',_binary '\0',268),(277,'2024-08-15 21:40:35.150174',2,'image_efc31bc1-c001-4ac4-a993-095eeee82ed2.jpg',_binary '',238),(278,'2024-08-15 21:41:09.343460',3,'image_29670b2e-2149-4ac3-8ec6-5536ac96896e.jpg',_binary '\0',268),(279,'2024-08-15 21:41:13.911083',1,'image_be17013f-5d15-4bb4-bb89-e365cc9a7513.jpg',_binary '\0',269),(280,'2024-08-15 21:41:26.956953',2,'image_0cee0566-0958-4d06-adff-c15bf8012cc8.jpg',_binary '',269),(281,'2024-08-15 21:49:22.296096',1,'image_0ad4a96b-04c6-4a0c-b3cd-cab627142d9b.jpg',_binary '\0',270),(282,'2024-08-15 21:49:22.964496',2,'image_48c14a2a-1438-4253-9547-152f6e0b52aa.jpg',_binary '\0',270),(283,'2024-08-15 21:50:29.456520',1,'image_92041336-9de4-42c7-a816-0cbd4990efe0.jpg',_binary '',271),(284,'2024-08-15 21:50:29.931270',2,'image_7543ffff-a177-4642-a1ed-accc1e240b19.jpg',_binary '',271),(285,'2024-08-15 21:50:44.008878',1,'image_f0a06478-dc57-4542-9223-30e5eaf38f9f.jpg',_binary '\0',272),(286,'2024-08-15 21:52:39.169408',1,'image_479cbc31-83a3-43a6-8988-2b808422b156.jpg',_binary '\0',273),(287,'2024-08-15 21:52:52.865241',2,'image_7fe2f143-bc78-4b8a-844a-54f6ac2782e8.jpg',_binary '\0',273),(288,'2024-08-15 21:53:20.576973',1,'image_a3d8dee9-be43-4c8e-a783-c396d3c04316.jpg',_binary '\0',274),(289,'2024-08-15 21:55:59.491398',1,'image_6d9e888e-5bd1-4bb6-b702-22f615f8fd7d.jpg',_binary '\0',275),(290,'2024-08-15 22:04:29.517230',1,'image_7ca0b19d-dcb9-43f6-918a-37fc567f8322',_binary '\0',276),(291,'2024-08-15 22:08:22.662196',1,'image_0940e5f3-744f-4b6e-a460-681bd16d43d5',_binary '\0',277),(292,'2024-08-15 22:16:57.475126',1,'image_d27ca18a-dfda-4914-98d1-aba521d853d5.png',_binary '\0',278),(293,'2024-08-15 22:17:33.204194',2,'image_1b660afa-39a1-4cd7-9a86-18ff9dd34796.jpeg',_binary '\0',278),(294,'2024-08-15 22:18:34.046385',1,'image_6cdee565-0394-45c9-9bf2-ee24a4e3ecd6.jpeg',_binary '',279),(295,'2024-08-17 03:38:57.393177',3,'image_6fd19473-4143-4435-9fc6-72c7a04c6802.jpg',_binary '\0',273),(296,'2024-08-17 03:38:57.393177',3,'image_a7eec8db-c1fb-43e1-a836-cd61854bc3a8.jpg',_binary '\0',278),(297,'2024-08-17 03:38:57.393177',4,'image_460c5ead-187a-48c8-831f-919312f55e4e.jpg',_binary '\0',278),(298,'2024-08-17 03:38:57.393177',5,'image_10bb8b88-89e6-49dc-bdc4-eab664e60787.png',_binary '\0',278),(299,'2024-08-17 03:38:57.393177',1,'image_3c62dd2a-389e-4a08-a43e-85f084a53f4b.jpeg',_binary '',280),(300,'2024-08-17 03:38:57.393177',1,'image_30e6f905-4b14-4eef-86f8-a835dc6f5ec5.jpeg',_binary '',282),(301,'2024-07-17 03:38:57.393177',1,'image_7a733104-c67f-4131-b083-406957da31ba.jpg',_binary '',300),(302,'2024-07-17 03:38:57.393177',1,'image_75e74cf7-4a71-4987-ba49-42e97393053b.jpg',_binary '',301),(303,'2024-07-17 03:38:57.393177',1,'image_2377bb04-ae3a-4625-a9d7-cd55ac4f007e.jpg',_binary '',302),(304,'2024-07-17 03:38:57.393177',1,'image_1edd1bc9-08d7-40d1-bdc4-c1b22c65ed2b.jpg',_binary '',303),(305,'2024-07-17 03:38:57.393177',1,'image_70e1e600-5912-47e2-b45c-2eb2f2c8d506.jpg',_binary '',304),(306,'2024-07-17 03:38:57.393177',1,'image_8b1634d5-1c02-4ae3-9d28-46f5a5b3ed0e.jpg',_binary '',305),(307,'2024-07-17 03:38:57.393177',1,'image_0d69d5d4-47ac-4459-a398-47854ae87998.jpg',_binary '',306),(308,'2024-07-17 03:38:57.393177',1,'image_1e3be7b8-68ec-4df1-bbe6-29a9f210925b.jpg',_binary '',307),(309,'2024-08-16 09:29:19.881263',2,'image_781d43b7-6b23-4885-a3d3-11b59e9719c9.png',_binary '\0',275),(310,'2024-08-16 10:24:46.622980',1,'image_9c7aa635-49ec-4991-962a-0b1bdb7270d8.jpg',_binary '\0',309),(311,'2024-08-16 10:24:58.625156',2,'image_d831d89c-9e2e-44ec-bb68-fb9a82782117.jpg',_binary '\0',309),(312,'2024-08-16 11:22:11.643454',1,'image_caf0856f-1d66-4737-941a-98b59f3f7f56.jpg',_binary '\0',310),(313,'2024-08-16 12:23:38.478611',1,'image_499859c6-89f7-4378-bcf3-aa28a1059e98.jpg',_binary '\0',312),(314,'2024-08-16 12:24:22.244484',1,'image_7f748c9e-ff5a-4610-bd79-5992561ad0d6.jpg',_binary '',313),(315,'2024-08-16 12:27:35.773930',1,'image_cd56b5b8-f289-4e13-ae8b-99232a336787.jpeg',_binary '\0',314),(316,'2024-08-16 15:37:37.422814',1,'image_2a37ae4b-09a1-4339-9b88-e5be92d25e6e.jpg',_binary '',317),(317,'2024-08-16 15:37:37.938149',2,'image_e4f61406-c2a8-4a1e-977c-94f792c04fc5.jpg',_binary '',317),(318,'2024-08-16 15:39:20.198100',1,'image_bc69b8ce-3179-4c24-b671-b8263d0e0336.jpeg',_binary '',318),(319,'2024-08-16 20:53:30.461400',1,'image_ce7dc161-eb62-4347-be76-8698c4ad1211.jpg',_binary '',319),(320,'2024-08-16 20:54:54.421720',1,'image_0998662d-0387-4d8f-bef6-674909c0f5c2.jpg',_binary '',320),(321,'2024-08-16 20:54:54.842037',2,'image_2632d075-3749-4527-bd28-0ddf9c9faaae.jpg',_binary '',320),(322,'2024-08-16 21:40:29.726582',1,'image_7f2b0077-4e11-44c5-a5db-2c161b73da2a.jpg',_binary '',321),(323,'2024-08-16 21:40:30.149505',2,'image_9eaad9a2-6e7b-4562-bbaa-15645fdc9cfc.jpg',_binary '',321),(324,'2024-08-16 21:40:30.657274',3,'image_8b781be6-3836-4fdf-8473-8ee366101c39.jpg',_binary '',321),(325,'2024-08-16 21:42:10.366434',1,'image_f8f055e4-e823-44a2-9a93-814a487d50db.jpeg',_binary '',322),(326,'2024-08-16 21:42:10.852054',2,'image_3b47a1b6-7fcc-4e50-9017-57c804bb1e8e.jpeg',_binary '',322),(327,'2024-08-16 21:42:11.368150',3,'image_37b84eda-36c8-449e-b9a4-f983b27c52dc.jpeg',_binary '',322),(328,'2024-08-16 21:42:11.905913',4,'image_0b89cc0d-f9ad-485b-b3fe-40d2961c3b2a.jpeg',_binary '',322),(329,'2024-08-17 15:34:07.580898',1,'image_db062898-9b11-478f-936c-cff0b6702c61.jpg',_binary '',326),(330,'2024-08-18 13:55:12.330157',1,'image_24703538-1372-44c6-a920-28add24a85fb.png',_binary '',327),(331,'2024-08-18 14:33:30.078897',1,'image_bf1e4aa7-edc6-4d19-985f-3ff970dc13f5.png',_binary '\0',330),(332,'2024-08-18 14:34:39.289810',1,'image_19f50157-2262-4606-b39e-d361abadafaa.jpeg',_binary '',331),(333,'2024-08-18 14:43:13.138227',1,'image_315c67be-bb39-452c-86ce-143b25565bfb.png',_binary '',332),(334,'2024-08-18 14:48:25.992482',1,'image_b2e85174-054c-483f-9271-c8d2452db5cb.jpeg',_binary '',333);
/*!40000 ALTER TABLE `feed_image` ENABLE KEYS */;
UNLOCK TABLES;

--
-- Table structure for table `has_item`
--

DROP TABLE IF EXISTS `has_item`;
/*!40101 SET @saved_cs_client     = @@character_set_client */;
/*!50503 SET character_set_client = utf8mb4 */;
CREATE TABLE `has_item` (
  `has_item_id` int NOT NULL AUTO_INCREMENT,
  `equipped_yn` bit(1) NOT NULL DEFAULT b'0',
  `use_yn` bit(1) NOT NULL DEFAULT b'1',
  `item_id` int NOT NULL,
  `my_room_id` int NOT NULL,
  PRIMARY KEY (`has_item_id`),
  KEY `FKaxg8oeujir0adburle4kdt6vg` (`item_id`),
  KEY `FKp16r1n24yv29wwkpphuqyot5c` (`my_room_id`),
  CONSTRAINT `FKaxg8oeujir0adburle4kdt6vg` FOREIGN KEY (`item_id`) REFERENCES `item` (`item_id`),
  CONSTRAINT `FKp16r1n24yv29wwkpphuqyot5c` FOREIGN KEY (`my_room_id`) REFERENCES `my_room` (`my_room_id`)
) ENGINE=InnoDB AUTO_INCREMENT=28 DEFAULT CHARSET=utf8mb4 COLLATE=utf8mb4_0900_ai_ci;
/*!40101 SET character_set_client = @saved_cs_client */;

--
-- Dumping data for table `has_item`
--

LOCK TABLES `has_item` WRITE;
/*!40000 ALTER TABLE `has_item` DISABLE KEYS */;
INSERT INTO `has_item` VALUES (1,_binary '\0',_binary '',1,2),(2,_binary '\0',_binary '',4,2),(3,_binary '\0',_binary '',12,2),(4,_binary '\0',_binary '',1,3),(5,_binary '\0',_binary '',2,3),(6,_binary '\0',_binary '',3,3),(7,_binary '',_binary '',8,3),(8,_binary '\0',_binary '',4,3),(9,_binary '\0',_binary '',6,3),(10,_binary '',_binary '',5,3),(11,_binary '\0',_binary '',13,3),(12,_binary '',_binary '',14,3),(13,_binary '',_binary '',12,3),(14,_binary '\0',_binary '',7,2),(15,_binary '\0',_binary '',9,2),(16,_binary '',_binary '',1,1),(17,_binary '',_binary '',3,1),(18,_binary '',_binary '',7,1),(19,_binary '',_binary '',6,1),(20,_binary '\0',_binary '',2,4),(21,_binary '',_binary '',9,3),(22,_binary '\0',_binary '',10,3),(23,_binary '\0',_binary '',2,6),(24,_binary '',_binary '',13,1),(25,_binary '',_binary '',9,1),(26,_binary '\0',_binary '',7,6),(27,_binary '',_binary '',5,6);
/*!40000 ALTER TABLE `has_item` ENABLE KEYS */;
UNLOCK TABLES;

--
-- Table structure for table `item`
--

DROP TABLE IF EXISTS `item`;
/*!40101 SET @saved_cs_client     = @@character_set_client */;
/*!50503 SET character_set_client = utf8mb4 */;
CREATE TABLE `item` (
  `item_id` int NOT NULL AUTO_INCREMENT,
  `create_at` datetime(6) NOT NULL,
  `description` varchar(255) DEFAULT NULL,
  `image_url` varchar(100) DEFAULT NULL,
  `name` varchar(100) NOT NULL,
  `price` decimal(38,2) NOT NULL,
  `type` enum('BED','BIGTABLE','MINITABLE','RUG','SHELF','STAND','VASE') NOT NULL,
  `use_yn` bit(1) NOT NULL,
  PRIMARY KEY (`item_id`)
) ENGINE=InnoDB AUTO_INCREMENT=15 DEFAULT CHARSET=utf8mb4 COLLATE=utf8mb4_0900_ai_ci;
/*!40101 SET character_set_client = @saved_cs_client */;

--
-- Dumping data for table `item`
--

LOCK TABLES `item` WRITE;
/*!40000 ALTER TABLE `item` DISABLE KEYS */;
INSERT INTO `item` VALUES (1,'2024-08-15 18:57:45.000000','Description for rug1','rug1.jpg','rug1',1000.00,'RUG',_binary ''),(2,'2024-08-15 18:57:45.000000','Description for rug2','rug2.jpg','rug2',500.00,'RUG',_binary ''),(3,'2024-08-15 18:57:45.000000','Description for shelf1','shelf1.jpg','shelf1',2500.00,'SHELF',_binary ''),(4,'2024-08-15 18:57:45.000000','Description for shelf2','shelf2.jpg','shelf2',2000.00,'SHELF',_binary ''),(5,'2024-08-15 18:57:45.000000','Description for stand1','stand1.jpg','stand1',1000.00,'STAND',_binary ''),(6,'2024-08-15 18:57:45.000000','Description for stand2','stand2.jpg','stand2',1300.00,'STAND',_binary ''),(7,'2024-08-15 18:57:45.000000','Description for bed1','bed1.jpg','bed1',4000.00,'BED',_binary ''),(8,'2024-08-15 18:57:45.000000','Description for bed2','bed2.jpg','bed2',4500.00,'BED',_binary ''),(9,'2024-08-15 18:57:45.000000','Description for minitable1','minitable1.jpg','minitable1',1500.00,'MINITABLE',_binary ''),(10,'2024-08-15 18:57:45.000000','Description for minitable2','minitable2.jpg','minitable2',2000.00,'MINITABLE',_binary ''),(11,'2024-08-15 18:57:45.000000','Description for vase1','vase1.jpg','vase1',1500.00,'VASE',_binary ''),(12,'2024-08-15 18:57:45.000000','Description for vase2','vase2.jpg','vase2',1000.00,'VASE',_binary ''),(13,'2024-08-15 18:57:45.000000','Description for bigtable1','bigtable1.jpg','bigtable1',3000.00,'BIGTABLE',_binary ''),(14,'2024-08-15 18:57:45.000000','Description for bigtable2','bigtable2.jpg','bigtable2',3000.00,'BIGTABLE',_binary '');
/*!40000 ALTER TABLE `item` ENABLE KEYS */;
UNLOCK TABLES;

--
-- Table structure for table `item_purchase_history`
--

DROP TABLE IF EXISTS `item_purchase_history`;
/*!40101 SET @saved_cs_client     = @@character_set_client */;
/*!50503 SET character_set_client = utf8mb4 */;
CREATE TABLE `item_purchase_history` (
  `purchase_id` int NOT NULL AUTO_INCREMENT,
  `purchase_at` datetime(6) NOT NULL,
  `item_id` int NOT NULL,
  `user_id` int NOT NULL,
  PRIMARY KEY (`purchase_id`),
  KEY `FK16bejmrd5cq187yaq7re8ltw3` (`item_id`),
  KEY `FKouenhfud4sp2ljy8p3755iwsp` (`user_id`),
  CONSTRAINT `FK16bejmrd5cq187yaq7re8ltw3` FOREIGN KEY (`item_id`) REFERENCES `item` (`item_id`),
  CONSTRAINT `FKouenhfud4sp2ljy8p3755iwsp` FOREIGN KEY (`user_id`) REFERENCES `user` (`user_id`)
) ENGINE=InnoDB AUTO_INCREMENT=28 DEFAULT CHARSET=utf8mb4 COLLATE=utf8mb4_0900_ai_ci;
/*!40101 SET character_set_client = @saved_cs_client */;

--
-- Dumping data for table `item_purchase_history`
--

LOCK TABLES `item_purchase_history` WRITE;
/*!40000 ALTER TABLE `item_purchase_history` DISABLE KEYS */;
INSERT INTO `item_purchase_history` VALUES (1,'2024-08-15 20:49:55.268043',1,2),(2,'2024-08-15 20:49:59.854882',4,2),(3,'2024-08-15 20:50:10.259947',12,2),(4,'2024-08-15 23:13:11.438475',1,3),(5,'2024-08-16 03:57:50.475157',2,3),(6,'2024-08-16 03:57:55.554398',3,3),(7,'2024-08-16 03:58:02.994041',8,3),(8,'2024-08-16 03:59:43.472797',4,3),(9,'2024-08-16 03:59:47.681299',6,3),(10,'2024-08-16 04:00:00.082497',5,3),(11,'2024-08-16 05:09:35.140720',13,3),(12,'2024-08-16 05:09:37.510965',14,3),(13,'2024-08-16 05:09:42.511052',12,3),(14,'2024-08-16 08:49:22.772783',7,2),(15,'2024-08-16 08:49:33.182671',9,2),(16,'2024-08-16 11:41:06.581057',1,1),(17,'2024-08-16 11:41:16.684927',3,1),(18,'2024-08-16 11:41:19.945593',7,1),(19,'2024-08-16 12:14:30.207724',6,1),(20,'2024-08-16 12:30:32.950090',2,4),(21,'2024-08-16 14:20:22.249154',9,3),(22,'2024-08-16 14:48:45.984348',10,3),(23,'2024-08-16 17:09:24.341068',2,6),(24,'2024-08-16 17:40:54.546823',13,1),(25,'2024-08-16 17:43:11.442550',9,1),(26,'2024-08-17 11:14:13.868983',7,6),(27,'2024-08-17 11:14:16.849276',5,6);
/*!40000 ALTER TABLE `item_purchase_history` ENABLE KEYS */;
UNLOCK TABLES;

--
-- Table structure for table `my_room`
--

DROP TABLE IF EXISTS `my_room`;
/*!40101 SET @saved_cs_client     = @@character_set_client */;
/*!50503 SET character_set_client = utf8mb4 */;
CREATE TABLE `my_room` (
  `my_room_id` int NOT NULL AUTO_INCREMENT,
  `item_bed` int DEFAULT NULL,
  `item_bigtable` int DEFAULT NULL,
  `item_minitable` int DEFAULT NULL,
  `item_rug` int DEFAULT NULL,
  `item_shelf` int DEFAULT NULL,
  `item_stand` int DEFAULT NULL,
  `item_vase` int DEFAULT NULL,
  `use_yn` bit(1) NOT NULL DEFAULT b'1',
  PRIMARY KEY (`my_room_id`)
) ENGINE=InnoDB AUTO_INCREMENT=21 DEFAULT CHARSET=utf8mb4 COLLATE=utf8mb4_0900_ai_ci;
/*!40101 SET character_set_client = @saved_cs_client */;

--
-- Dumping data for table `my_room`
--

LOCK TABLES `my_room` WRITE;
/*!40000 ALTER TABLE `my_room` DISABLE KEYS */;
INSERT INTO `my_room` VALUES (1,18,24,25,16,17,19,NULL,_binary ''),(2,NULL,NULL,NULL,NULL,NULL,NULL,NULL,_binary ''),(3,7,12,21,NULL,NULL,10,13,_binary ''),(4,NULL,NULL,NULL,NULL,NULL,NULL,NULL,_binary ''),(5,NULL,NULL,NULL,NULL,NULL,NULL,NULL,_binary ''),(6,NULL,NULL,NULL,NULL,NULL,27,NULL,_binary ''),(7,NULL,NULL,NULL,NULL,NULL,NULL,NULL,_binary ''),(8,NULL,NULL,NULL,NULL,NULL,NULL,NULL,_binary ''),(9,NULL,NULL,NULL,NULL,NULL,NULL,NULL,_binary ''),(10,NULL,NULL,NULL,NULL,NULL,NULL,NULL,_binary ''),(11,NULL,NULL,NULL,NULL,NULL,NULL,NULL,_binary ''),(12,NULL,NULL,NULL,NULL,NULL,NULL,NULL,_binary ''),(13,NULL,NULL,NULL,NULL,NULL,NULL,NULL,_binary ''),(14,NULL,NULL,NULL,NULL,NULL,NULL,NULL,_binary ''),(15,NULL,NULL,NULL,NULL,NULL,NULL,NULL,_binary ''),(16,NULL,NULL,NULL,NULL,NULL,NULL,NULL,_binary ''),(17,NULL,NULL,NULL,NULL,NULL,NULL,NULL,_binary ''),(18,NULL,NULL,NULL,NULL,NULL,NULL,NULL,_binary ''),(19,NULL,NULL,NULL,NULL,NULL,NULL,NULL,_binary ''),(20,NULL,NULL,NULL,NULL,NULL,NULL,NULL,_binary '');
/*!40000 ALTER TABLE `my_room` ENABLE KEYS */;
UNLOCK TABLES;

--
-- Table structure for table `nickname`
--

DROP TABLE IF EXISTS `nickname`;
/*!40101 SET @saved_cs_client     = @@character_set_client */;
/*!50503 SET character_set_client = utf8mb4 */;
CREATE TABLE `nickname` (
  `nickname_id` int NOT NULL AUTO_INCREMENT,
  `target_nickname` varchar(255) DEFAULT NULL,
  `target_user_room_id` int DEFAULT NULL,
  `user_room_id` int NOT NULL,
  PRIMARY KEY (`nickname_id`),
  KEY `FKkn4jbf3s0cylq2gdds5yiunip` (`user_room_id`),
  CONSTRAINT `FKkn4jbf3s0cylq2gdds5yiunip` FOREIGN KEY (`user_room_id`) REFERENCES `user_room` (`user_room_id`)
) ENGINE=InnoDB AUTO_INCREMENT=11 DEFAULT CHARSET=utf8mb4 COLLATE=utf8mb4_0900_ai_ci;
/*!40101 SET character_set_client = @saved_cs_client */;

--
-- Dumping data for table `nickname`
--

LOCK TABLES `nickname` WRITE;
/*!40000 ALTER TABLE `nickname` DISABLE KEYS */;
INSERT INTO `nickname` VALUES (1,'최소현',1,4),(2,'이지흔',2,4),(3,'ㅋㅋ',3,4),(4,'현진',8,8),(5,'주소영',4,4),(6,'박동환',5,4),(7,'오빠야',10,11),(8,'아빠',12,11),(9,'엄마',13,11),(10,'소영이',4,1);
/*!40000 ALTER TABLE `nickname` ENABLE KEYS */;
UNLOCK TABLES;

--
-- Table structure for table `noti`
--

DROP TABLE IF EXISTS `noti`;
/*!40101 SET @saved_cs_client     = @@character_set_client */;
/*!50503 SET character_set_client = utf8mb4 */;
CREATE TABLE `noti` (
  `noti_id` int NOT NULL AUTO_INCREMENT,
  `create_at` datetime(6) DEFAULT NULL,
  `message` varchar(255) DEFAULT NULL,
  `user_room_id` int DEFAULT NULL,
  PRIMARY KEY (`noti_id`),
  KEY `FKj7ja5yis9tljby14tv73gbo8m` (`user_room_id`),
  CONSTRAINT `FKj7ja5yis9tljby14tv73gbo8m` FOREIGN KEY (`user_room_id`) REFERENCES `user_room` (`user_room_id`)
) ENGINE=InnoDB AUTO_INCREMENT=206 DEFAULT CHARSET=utf8mb4 COLLATE=utf8mb4_0900_ai_ci;
/*!40101 SET character_set_client = @saved_cs_client */;

--
-- Dumping data for table `noti`
--

LOCK TABLES `noti` WRITE;
/*!40000 ALTER TABLE `noti` DISABLE KEYS */;
INSERT INTO `noti` VALUES (1,'2024-08-15 18:58:54.905395','작성한 게시글에 댓글이 달렸어요.',1),(2,'2024-08-15 18:59:35.527993','가족 일정이 공유되었어요. 최종 발표',1),(4,'2024-08-15 18:59:35.534645','가족 일정이 공유되었어요. 최종 발표',4),(5,'2024-08-15 18:59:47.740182','가족 일정이 공유되었어요. 시작',1),(7,'2024-08-15 18:59:47.745034','가족 일정이 공유되었어요. 시작',4),(8,'2024-08-15 19:00:03.200739','공지가 변경되었어요.',1),(10,'2024-08-15 19:00:03.207267','공지가 변경되었어요.',4),(12,'2024-08-15 19:07:55.079291','가족 일정이 공유되었어요. UCC',1),(13,'2024-08-15 19:07:55.083450','가족 일정이 공유되었어요. UCC',2),(15,'2024-08-15 19:08:16.235631','가족 일정이 수정되었어요. 아버지생신',1),(16,'2024-08-15 19:08:16.239481','가족 일정이 수정되었어요. 아버지생신',2),(18,'2024-08-15 19:08:32.488968','가족 일정이 공유되었어요. ㅋ',1),(19,'2024-08-15 19:08:32.492277','가족 일정이 공유되었어요. ㅋ',2),(22,'2024-08-15 19:24:36.146015','작성한 게시글에 댓글이 달렸어요.',4),(23,'2024-08-15 19:25:04.895124','작성한 게시글에 댓글이 달렸어요.',2),(24,'2024-08-15 19:25:49.843418','작성한 게시글에 댓글이 달렸어요.',2),(25,'2024-08-15 19:25:56.654822','작성한 게시글에 댓글이 달렸어요.',4),(26,'2024-08-15 19:26:01.402601','작성한 게시글에 댓글이 달렸어요.',2),(27,'2024-08-15 19:26:30.527365','작성한 게시글에 댓글이 달렸어요.',1),(28,'2024-08-15 19:28:57.875301','작성한 게시글에 댓글이 달렸어요.',1),(29,'2024-08-15 19:29:08.940277','작성한 게시글에 댓글이 달렸어요.',2),(30,'2024-08-15 19:29:21.825288','작성한 게시글에 댓글이 달렸어요.',4),(31,'2024-08-15 19:47:59.823041','작성한 게시글에 댓글이 달렸어요.',4),(32,'2024-08-15 19:48:41.223143','작성한 게시글에 댓글이 달렸어요.',7),(33,'2024-08-15 19:48:57.815363','작성한 게시글에 댓글이 달렸어요.',2),(34,'2024-08-15 19:49:06.577691','작성한 게시글에 댓글이 달렸어요.',7),(35,'2024-08-15 19:49:08.211006','작성한 게시글에 댓글이 달렸어요.',1),(36,'2024-08-15 19:49:20.053658','작성한 게시글에 댓글이 달렸어요.',2),(37,'2024-08-15 19:49:24.771848','작성한 게시글에 댓글이 달렸어요.',1),(38,'2024-08-15 19:53:43.985775','작성한 게시글에 댓글이 달렸어요.',4),(39,'2024-08-15 20:11:24.952679','작성한 게시글에 댓글이 달렸어요.',4),(40,'2024-08-15 20:11:36.397337','작성한 게시글에 댓글이 달렸어요.',7),(41,'2024-08-15 20:14:13.203260','공지가 변경되었어요.',10),(42,'2024-08-15 20:14:13.206754','공지가 변경되었어요.',12),(43,'2024-08-15 20:15:26.480494','공지가 변경되었어요.',11),(44,'2024-08-15 20:15:26.483216','공지가 변경되었어요.',12),(45,'2024-08-15 20:16:04.834913','가족 일정이 공유되었어요. 아빠 생일....?',10),(46,'2024-08-15 20:16:04.840973','가족 일정이 공유되었어요. 아빠 생일....?',12),(47,'2024-08-15 20:17:27.795461','작성한 게시글에 댓글이 달렸어요.',2),(48,'2024-08-15 20:17:36.398423','작성한 게시글에 댓글이 달렸어요.',7),(49,'2024-08-15 20:17:39.299657','작성한 게시글에 댓글이 달렸어요.',7),(50,'2024-08-15 20:17:41.721796','작성한 게시글에 댓글이 달렸어요.',4),(51,'2024-08-15 20:17:45.981935','작성한 게시글에 댓글이 달렸어요.',2),(52,'2024-08-15 20:17:49.931744','작성한 게시글에 댓글이 달렸어요.',2),(53,'2024-08-15 20:17:53.511288','작성한 게시글에 댓글이 달렸어요.',7),(54,'2024-08-15 20:18:04.518123','작성한 게시글에 댓글이 달렸어요.',4),(55,'2024-08-15 20:18:13.867702','작성한 게시글에 댓글이 달렸어요.',4),(56,'2024-08-15 20:18:17.859084','작성한 게시글에 댓글이 달렸어요.',2),(57,'2024-08-15 20:32:22.737475','작성한 게시글에 댓글이 달렸어요.',2),(58,'2024-08-15 20:33:04.622671','작성한 게시글에 댓글이 달렸어요.',2),(59,'2024-08-15 20:58:47.623431','작성한 게시글에 댓글이 달렸어요.',4),(60,'2024-08-15 20:58:48.829243','작성한 게시글에 댓글이 달렸어요.',4),(61,'2024-08-15 20:59:02.429229','가족 일정이 공유되었어요. 아빠생일',11),(62,'2024-08-15 20:59:02.430929','가족 일정이 공유되었어요. 아빠생일',12),(64,'2024-08-15 20:59:50.237909','작성한 게시글에 댓글이 달렸어요.',4),(65,'2024-08-15 21:00:00.341963','작성한 게시글에 댓글이 달렸어요.',4),(66,'2024-08-15 21:00:02.893775','작성한 게시글에 댓글이 달렸어요.',11),(67,'2024-08-15 21:00:04.631210','작성한 게시글에 댓글이 달렸어요.',4),(68,'2024-08-15 21:00:08.524034','작성한 게시글에 댓글이 달렸어요.',4),(69,'2024-08-15 21:00:15.519008','작성한 게시글에 댓글이 달렸어요.',4),(70,'2024-08-15 21:01:08.934367','가족 일정이 수정되었어요. 아빠 생일....?',11),(71,'2024-08-15 21:01:08.936747','가족 일정이 수정되었어요. 아빠 생일....?',12),(72,'2024-08-15 21:29:46.187299','가족 일정이 공유되었어요. 삼계탕',1),(73,'2024-08-15 21:29:46.190054','가족 일정이 공유되었어요. 삼계탕',2),(75,'2024-08-15 21:29:46.829566','가족 일정이 공유되었어요. 삼계탕',5),(76,'2024-08-15 21:29:47.097882','가족 일정이 공유되었어요. 삼계탕',7),(77,'2024-08-15 22:57:54.797628','작성한 게시글에 댓글이 달렸어요.',10),(78,'2024-08-15 23:20:45.020609','작성한 게시글에 댓글이 달렸어요.',7),(79,'2024-08-15 23:20:51.281436','작성한 게시글에 댓글이 달렸어요.',7),(80,'2024-08-15 23:24:00.465326','공지가 변경되었어요.',2),(82,'2024-08-15 23:24:00.916315','공지가 변경되었어요.',4),(83,'2024-08-15 23:24:00.918393','공지가 변경되었어요.',5),(84,'2024-08-15 23:24:01.335455','공지가 변경되었어요.',7),(85,'2024-08-15 23:29:56.868613','가족 일정이 공유되었어요. 프로젝트 마지막',15),(86,'2024-08-15 23:32:49.780205','공지가 변경되었어요.',15),(87,'2024-08-15 23:34:36.380777','공지가 변경되었어요.',8),(88,'2024-08-15 23:34:47.181357','공지가 변경되었어요.',6),(89,'2024-08-15 23:38:31.414291','작성한 게시글에 댓글이 달렸어요.',6),(90,'2024-08-15 23:38:47.929874','가족 일정이 공유되었어요. 발표날',6),(91,'2024-08-15 23:39:09.156135','가족 일정이 공유되었어요. 가족사진',15),(92,'2024-08-15 23:39:12.959325','가족 일정이 수정되었어요. 발표날',6),(93,'2024-08-16 01:38:41.608640','공지가 변경되었어요.',10),(94,'2024-08-16 01:38:41.611068','공지가 변경되었어요.',12),(95,'2024-08-16 01:38:41.612745','공지가 변경되었어요.',13),(96,'2024-08-16 09:17:42.016738','공지가 변경되었어요.',2),(98,'2024-08-16 09:17:42.919438','공지가 변경되었어요.',4),(99,'2024-08-16 09:17:42.922214','공지가 변경되었어요.',5),(100,'2024-08-16 09:17:43.180488','공지가 변경되었어요.',7),(101,'2024-08-16 10:47:10.138468','가족 일정이 공유되었어요. 추가',1),(102,'2024-08-16 10:47:10.616774','가족 일정이 공유되었어요. 추가',2),(104,'2024-08-16 10:47:11.175478','가족 일정이 공유되었어요. 추가',5),(105,'2024-08-16 10:47:11.445062','가족 일정이 공유되었어요. 추가',7),(106,'2024-08-16 10:47:20.370959','가족 일정이 수정되었어요. 업데이트',1),(107,'2024-08-16 10:47:20.655564','가족 일정이 수정되었어요. 업데이트',2),(109,'2024-08-16 10:47:21.191388','가족 일정이 수정되었어요. 업데이트',5),(110,'2024-08-16 10:47:21.459118','가족 일정이 수정되었어요. 업데이트',7),(115,'2024-08-16 11:29:33.621315','공지가 변경되었어요.',1),(116,'2024-08-16 11:29:33.897019','공지가 변경되었어요.',2),(118,'2024-08-16 11:29:34.793107','공지가 변경되었어요.',4),(119,'2024-08-16 11:29:34.795062','공지가 변경되었어요.',7),(120,'2024-08-16 11:39:21.524793','작성한 게시글에 댓글이 달렸어요.',1),(121,'2024-08-16 11:39:29.112050','작성한 게시글에 댓글이 달렸어요.',1),(122,'2024-08-16 11:39:39.052889','작성한 게시글에 댓글이 달렸어요.',1),(123,'2024-08-16 11:39:44.645627','작성한 게시글에 댓글이 달렸어요.',1),(124,'2024-08-16 11:40:03.661205','작성한 게시글에 댓글이 달렸어요.',1),(125,'2024-08-16 11:40:11.262061','작성한 게시글에 댓글이 달렸어요.',1),(126,'2024-08-16 12:29:47.074331','작성한 게시글에 댓글이 달렸어요.',19),(127,'2024-08-16 12:30:02.130776','작성한 게시글에 댓글이 달렸어요.',19),(128,'2024-08-16 12:30:14.655805','작성한 게시글에 댓글이 달렸어요.',1),(129,'2024-08-16 12:45:05.159565','작성한 게시글에 댓글이 달렸어요.',2),(130,'2024-08-16 12:47:59.785480','공지가 변경되었어요.',1),(131,'2024-08-16 12:48:00.087490','공지가 변경되었어요.',2),(132,'2024-08-16 12:48:00.426453','공지가 변경되었어요.',4),(133,'2024-08-16 12:48:00.428381','공지가 변경되었어요.',5),(134,'2024-08-16 12:48:00.762717','공지가 변경되었어요.',7),(135,'2024-08-16 12:48:07.098955','작성한 게시글에 댓글이 달렸어요.',1),(136,'2024-08-16 12:48:15.918184','가족 일정이 공유되었어요. ㅋㅋ',1),(137,'2024-08-16 12:48:16.188194','가족 일정이 공유되었어요. ㅋㅋ',2),(138,'2024-08-16 12:48:16.584604','가족 일정이 공유되었어요. ㅋㅋ',4),(139,'2024-08-16 12:48:16.586901','가족 일정이 공유되었어요. ㅋㅋ',5),(140,'2024-08-16 12:48:16.921493','가족 일정이 공유되었어요. ㅋㅋ',7),(141,'2024-08-16 13:00:31.255403','작성한 게시글에 댓글이 달렸어요.',2),(142,'2024-08-16 13:09:22.604157','가족 일정이 공유되었어요. 딸냄 시험',2),(143,'2024-08-16 13:09:23.057988','가족 일정이 공유되었어요. 딸냄 시험',4),(144,'2024-08-16 13:09:23.060182','가족 일정이 공유되었어요. 딸냄 시험',5),(145,'2024-08-16 13:09:23.412663','가족 일정이 공유되었어요. 딸냄 시험',7),(146,'2024-08-16 13:09:23.683371','가족 일정이 공유되었어요. 딸냄 시험',19),(147,'2024-08-16 14:09:37.323222','작성한 게시글에 댓글이 달렸어요.',1),(148,'2024-08-16 14:09:46.546469','작성한 게시글에 댓글이 달렸어요.',1),(149,'2024-08-16 14:51:30.748228','공지가 변경되었어요.',1),(150,'2024-08-16 14:51:31.062509','공지가 변경되었어요.',2),(151,'2024-08-16 14:51:31.330981','공지가 변경되었어요.',4),(152,'2024-08-16 14:51:31.333654','공지가 변경되었어요.',5),(153,'2024-08-16 14:51:31.741017','공지가 변경되었어요.',7),(154,'2024-08-16 14:51:36.293689','작성한 게시글에 댓글이 달렸어요.',1),(155,'2024-08-16 14:54:11.053968','공지가 변경되었어요.',1),(156,'2024-08-16 14:54:11.307992','공지가 변경되었어요.',4),(157,'2024-08-16 14:54:11.311339','공지가 변경되었어요.',5),(158,'2024-08-16 14:54:11.656163','공지가 변경되었어요.',7),(159,'2024-08-16 14:54:12.354475','공지가 변경되었어요.',19),(160,'2024-08-16 15:48:10.256538','가족 일정이 공유되었어요. 우리은행',2),(161,'2024-08-16 15:48:10.893480','가족 일정이 공유되었어요. 우리은행',4),(162,'2024-08-16 15:48:10.895836','가족 일정이 공유되었어요. 우리은행',5),(163,'2024-08-16 15:48:11.162893','가족 일정이 공유되었어요. 우리은행',7),(164,'2024-08-16 15:48:11.507696','가족 일정이 공유되었어요. 우리은행',19),(165,'2024-08-16 22:07:36.379399','작성한 게시글에 댓글이 달렸어요.',2),(166,'2024-08-17 11:14:54.112834','작성한 게시글에 댓글이 달렸어요.',2),(167,'2024-08-17 12:15:07.135767','작성한 게시글에 댓글이 달렸어요.',2),(168,'2024-08-17 14:42:52.889784','공지가 변경되었어요.',10),(169,'2024-08-17 14:42:52.892348','공지가 변경되었어요.',11),(170,'2024-08-17 14:42:53.401549','공지가 변경되었어요.',12),(171,'2024-08-17 15:37:38.906187','공지가 변경되었어요.',10),(172,'2024-08-17 15:37:38.907887','공지가 변경되었어요.',12),(173,'2024-08-17 15:37:38.911092','공지가 변경되었어요.',13),(174,'2024-08-17 15:45:22.822799','가족 일정이 공유되었어요. 추석 예매',10),(175,'2024-08-17 15:45:22.824938','가족 일정이 공유되었어요. 추석 예매',12),(176,'2024-08-17 15:45:22.826311','가족 일정이 공유되었어요. 추석 예매',13),(177,'2024-08-17 18:42:16.220659','공지가 변경되었어요.',14),(178,'2024-08-17 18:42:16.864413','공지가 변경되었어요.',21),(179,'2024-08-17 18:43:06.351123','공지가 변경되었어요.',14),(180,'2024-08-17 18:43:06.858085','공지가 변경되었어요.',21),(181,'2024-08-17 18:43:44.284723','공지가 변경되었어요.',14),(182,'2024-08-17 18:43:44.731630','공지가 변경되었어요.',15),(183,'2024-08-17 19:53:13.921856','작성한 게시글에 댓글이 달렸어요.',5),(184,'2024-08-17 23:43:31.075754','가족 일정이 공유되었어요. 수협은행',1),(185,'2024-08-17 23:43:31.530013','가족 일정이 공유되었어요. 수협은행',2),(186,'2024-08-17 23:43:31.873268','가족 일정이 공유되었어요. 수협은행',5),(187,'2024-08-17 23:43:32.205476','가족 일정이 공유되었어요. 수협은행',7),(188,'2024-08-17 23:43:32.548032','가족 일정이 공유되었어요. 수협은행',19),(189,'2024-08-17 23:44:22.070326','공지가 변경되었어요.',1),(190,'2024-08-17 23:44:22.379203','공지가 변경되었어요.',2),(191,'2024-08-17 23:44:22.785969','공지가 변경되었어요.',4),(192,'2024-08-17 23:44:22.788577','공지가 변경되었어요.',5),(193,'2024-08-17 23:44:23.129305','공지가 변경되었어요.',19),(194,'2024-08-18 13:47:42.831595','공지가 변경되었어요.',1),(195,'2024-08-18 13:47:43.463423','공지가 변경되었어요.',2),(196,'2024-08-18 13:47:43.808128','공지가 변경되었어요.',5),(197,'2024-08-18 13:47:44.165870','공지가 변경되었어요.',7),(198,'2024-08-18 13:47:44.575859','공지가 변경되었어요.',19),(199,'2024-08-18 14:22:48.245161','작성한 게시글에 댓글이 달렸어요.',5),(200,'2024-08-18 14:22:49.242921','작성한 게시글에 댓글이 달렸어요.',5),(201,'2024-08-18 14:46:27.730550','가족 일정이 공유되었어요. 몹코공',25),(202,'2024-08-18 14:46:27.732474','가족 일정이 공유되었어요. 몹코공',28),(203,'2024-08-18 14:49:06.712244','공지가 변경되었어요.',25),(204,'2024-08-18 14:49:06.714508','공지가 변경되었어요.',28),(205,'2024-08-18 15:05:55.579831','작성한 게시글에 댓글이 달렸어요.',28);
/*!40000 ALTER TABLE `noti` ENABLE KEYS */;
UNLOCK TABLES;

--
-- Table structure for table `payment_history`
--

DROP TABLE IF EXISTS `payment_history`;
/*!40101 SET @saved_cs_client     = @@character_set_client */;
/*!50503 SET character_set_client = utf8mb4 */;
CREATE TABLE `payment_history` (
  `payment_id` int NOT NULL AUTO_INCREMENT,
  `approved_at` datetime(6) DEFAULT NULL,
  `currency` varchar(255) DEFAULT NULL,
  `method` varchar(255) DEFAULT NULL,
  `order_id` varchar(255) NOT NULL,
  `payment_key` varchar(255) DEFAULT NULL,
  `receipt_url` varchar(255) DEFAULT NULL,
  `state` enum('FAILED','PAID','PENDING') NOT NULL,
  `point_id` int NOT NULL,
  `user_id` int NOT NULL,
  PRIMARY KEY (`payment_id`),
  KEY `FKc7ys43auq6kyoce64pu450fwu` (`point_id`),
  KEY `FKt8sfsadt33419efta06p5c4xi` (`user_id`),
  CONSTRAINT `FKc7ys43auq6kyoce64pu450fwu` FOREIGN KEY (`point_id`) REFERENCES `payment_item` (`point_id`),
  CONSTRAINT `FKt8sfsadt33419efta06p5c4xi` FOREIGN KEY (`user_id`) REFERENCES `user` (`user_id`)
) ENGINE=InnoDB AUTO_INCREMENT=38 DEFAULT CHARSET=utf8mb4 COLLATE=utf8mb4_0900_ai_ci;
/*!40101 SET character_set_client = @saved_cs_client */;

--
-- Dumping data for table `payment_history`
--

LOCK TABLES `payment_history` WRITE;
/*!40000 ALTER TABLE `payment_history` DISABLE KEYS */;
INSERT INTO `payment_history` VALUES (1,NULL,'CURRENCY_KRW',NULL,'fa30f5d3-b655-4c38-ab31-cbf6559e9e69',NULL,NULL,'PENDING',4,4),(2,NULL,'CURRENCY_KRW',NULL,'165041b6-f3e3-4660-bbb1-03e1b4ab8e5d',NULL,NULL,'PENDING',4,4),(3,NULL,'CURRENCY_KRW',NULL,'da39173e-3244-4f60-8828-ea741aa04b66',NULL,NULL,'PENDING',4,4),(4,'2024-08-15 20:49:49.370971','CURRENCY_KRW',NULL,'41c3285f-42fe-4448-99b3-2ccc19a4faf1','019155df-1f01-64a6-6951-e6fd03ee5bdc',NULL,'PAID',3,2),(5,'2024-08-15 23:55:07.910809','CURRENCY_KRW',NULL,'db453c43-fdeb-4f8a-b750-d29038bf530a','01915688-d117-72f6-c76a-63eb75e0f746',NULL,'PAID',2,3),(6,NULL,'CURRENCY_KRW',NULL,'6c5106ea-5e75-4324-aa08-6893a7b09038',NULL,NULL,'PENDING',2,3),(7,'2024-08-16 03:57:11.065402','CURRENCY_KRW',NULL,'f724519b-d39b-4e56-b0eb-3409b18d4ec0','01915766-6580-06b3-1381-229356c3c214',NULL,'PAID',4,3),(8,'2024-08-16 03:57:44.936607','CURRENCY_KRW',NULL,'6ccc79ca-6287-45c5-a5b9-f2ff9d1c4a1a','01915766-fe87-92a1-81fe-ab00e6b9e8de',NULL,'PAID',4,3),(9,NULL,'CURRENCY_KRW',NULL,'25a87634-21b5-4326-b65e-422ec8c46122',NULL,NULL,'PENDING',4,3),(10,'2024-08-16 03:59:35.283707','CURRENCY_KRW',NULL,'bebbfd89-327a-45a8-83af-adc2b7edaf7e','01915768-af2b-107f-2439-f6092b67219c',NULL,'PAID',4,3),(11,NULL,'CURRENCY_KRW',NULL,'597f2090-1446-4187-8e40-29af68cfd3ce',NULL,NULL,'PENDING',2,3),(12,NULL,'CURRENCY_KRW',NULL,'6f275f8d-e2c6-47be-9d74-679e263adff3',NULL,NULL,'PENDING',4,4),(13,NULL,'CURRENCY_KRW',NULL,'dcbefae4-10a8-4007-a060-f88481a3df7f',NULL,NULL,'PENDING',4,4),(14,NULL,'CURRENCY_KRW',NULL,'7f3bcace-95d4-4f77-8047-238a409be337',NULL,NULL,'PENDING',4,4),(15,NULL,'CURRENCY_KRW',NULL,'9a5ee384-de46-4147-8b02-04b9a6d6272b',NULL,NULL,'PENDING',4,4),(16,NULL,'CURRENCY_KRW',NULL,'9de42dff-3972-4c13-bc5a-b6df0e1dfdb2',NULL,NULL,'PENDING',4,4),(17,'2024-08-16 08:47:31.078486','CURRENCY_KRW',NULL,'37fecdc7-5372-416d-b567-70ef32577752','01915870-33ae-82df-35d5-30aa7321044f',NULL,'PAID',3,2),(18,'2024-08-16 11:40:27.723280','CURRENCY_KRW',NULL,'8abc3330-93ba-4154-83b3-55a62a1b3f1b','0191590e-755b-ef14-d76d-d052a97d90d8',NULL,'PAID',4,1),(19,NULL,'CURRENCY_KRW',NULL,'6dc1853a-8e20-4af2-bb03-0470af3dba78',NULL,NULL,'PENDING',4,1),(20,'2024-08-16 12:15:03.419130','CURRENCY_KRW',NULL,'87978bdb-935d-4981-b719-556e3ebd7847','0191592d-fb0f-e387-90aa-b86b8e969c8c',NULL,'PAID',4,5),(21,NULL,'CURRENCY_KRW',NULL,'e6af8d44-5eec-494f-89ff-ee19faa632f3',NULL,NULL,'PENDING',4,4),(22,NULL,'CURRENCY_KRW',NULL,'f1b046be-de3c-4389-bc56-6eab17e8b44f',NULL,NULL,'PENDING',4,4),(23,NULL,'CURRENCY_KRW',NULL,'ebbfdf97-b63f-42fc-89c9-bec28df37288',NULL,NULL,'FAILED',4,4),(24,NULL,'CURRENCY_KRW',NULL,'3e3e5448-76d2-439e-b20d-94ae2d270623',NULL,NULL,'PENDING',4,4),(25,NULL,'CURRENCY_KRW',NULL,'eb8cc6c4-b337-4428-8b2f-e6e3b1ba8b58',NULL,NULL,'PENDING',4,4),(26,NULL,'CURRENCY_KRW',NULL,'469eeb14-d481-479a-ba7b-91354f5bb4d6',NULL,NULL,'FAILED',1,3),(27,'2024-08-16 12:58:58.810205','CURRENCY_KRW',NULL,'b6f6df4d-9d2d-4af5-a7cd-eba8682eb5db','01915956-1b3c-d52a-bb7e-3df2744ec473',NULL,'PAID',1,3),(28,'2024-08-16 12:59:04.051782','CURRENCY_KRW',NULL,'8807499e-812f-42ed-8a9a-dbe05f9ae50c','01915956-8b27-16a9-7576-77c3df57ea66',NULL,'PAID',4,1),(29,NULL,'CURRENCY_KRW',NULL,'a9cd7c98-a5c1-4fb9-af29-0a0e51fc96d5',NULL,NULL,'PENDING',4,1),(30,'2024-08-16 14:20:13.148472','CURRENCY_KRW',NULL,'e9de8ca1-30a2-4606-975f-5401f61a8dee','019159a0-e290-4a1a-8675-fa87f863684b',NULL,'PAID',1,3),(31,NULL,'CURRENCY_KRW',NULL,'0a0bca4b-2879-41e0-80bb-c0e2b2fa70ce',NULL,NULL,'PENDING',4,3),(32,'2024-08-16 14:48:37.307296','CURRENCY_KRW',NULL,'c1c41a69-28f7-4a1e-b033-fad9ce0afceb','019159ba-eba3-6ff0-16db-84edb1380bf8',NULL,'PAID',4,3),(33,NULL,'CURRENCY_KRW',NULL,'6fa1b490-26fb-421b-9f67-2342d498bfac',NULL,NULL,'PENDING',4,7),(34,'2024-08-17 11:14:08.463975','CURRENCY_KRW',NULL,'8f4bdcf1-2dd7-4ab0-a75b-7e7dc244dcba','01915e1c-cbe3-9455-004a-3d61e11861e8',NULL,'PAID',4,6),(35,'2024-08-18 11:26:24.468841','CURRENCY_KRW',NULL,'0c6c6d48-a3e5-4f2b-a0f3-a9dff661ea7b','0191634e-6e10-e0c3-942f-00ca0790964b',NULL,'PAID',4,3),(36,'2024-08-18 11:26:46.671090','CURRENCY_KRW',NULL,'1252082a-dc3a-4847-8a59-df223086fca8','0191634e-d4f0-1079-f970-e749db2dfd01',NULL,'PAID',4,3),(37,NULL,'CURRENCY_KRW',NULL,'01274fd4-3b04-46b9-9e8e-82e5c89adfa8',NULL,NULL,'FAILED',4,3);
/*!40000 ALTER TABLE `payment_history` ENABLE KEYS */;
UNLOCK TABLES;

--
-- Table structure for table `payment_item`
--

DROP TABLE IF EXISTS `payment_item`;
/*!40101 SET @saved_cs_client     = @@character_set_client */;
/*!50503 SET character_set_client = utf8mb4 */;
CREATE TABLE `payment_item` (
  `point_id` int NOT NULL AUTO_INCREMENT,
  `image` varchar(255) NOT NULL,
  `point_name` varchar(255) NOT NULL,
  `price` decimal(38,2) NOT NULL,
  PRIMARY KEY (`point_id`)
) ENGINE=InnoDB AUTO_INCREMENT=5 DEFAULT CHARSET=utf8mb4 COLLATE=utf8mb4_0900_ai_ci;
/*!40101 SET character_set_client = @saved_cs_client */;

--
-- Dumping data for table `payment_item`
--

LOCK TABLES `payment_item` WRITE;
/*!40000 ALTER TABLE `payment_item` DISABLE KEYS */;
INSERT INTO `payment_item` VALUES (1,'coin1.png','1000',1000.00),(2,'coin2.png','3000',2800.00),(3,'coin3.png','5000',4600.00),(4,'coin4.png','10000',9000.00);
/*!40000 ALTER TABLE `payment_item` ENABLE KEYS */;
UNLOCK TABLES;

--
-- Table structure for table `plant`
--

DROP TABLE IF EXISTS `plant`;
/*!40101 SET @saved_cs_client     = @@character_set_client */;
/*!50503 SET character_set_client = utf8mb4 */;
CREATE TABLE `plant` (
  `plant_id` int NOT NULL AUTO_INCREMENT,
  `create_at` datetime(6) NOT NULL,
  `plant_status` enum('COMPLETED','IN_PROGRESS') NOT NULL,
  `today_exp` int NOT NULL,
  `exp` int NOT NULL,
  `update_at` datetime(6) DEFAULT NULL,
  `use_yn` bit(1) NOT NULL DEFAULT b'1',
  `walker` int NOT NULL,
  `room_id` int NOT NULL,
  PRIMARY KEY (`plant_id`),
  UNIQUE KEY `UKjptbd58kch1vgaxods44i7157` (`room_id`),
  CONSTRAINT `FKtllpso9kob5olk0824bwi7u7k` FOREIGN KEY (`room_id`) REFERENCES `room` (`room_id`)
) ENGINE=InnoDB AUTO_INCREMENT=12 DEFAULT CHARSET=utf8mb4 COLLATE=utf8mb4_0900_ai_ci;
/*!40101 SET character_set_client = @saved_cs_client */;

--
-- Dumping data for table `plant`
--

LOCK TABLES `plant` WRITE;
/*!40000 ALTER TABLE `plant` DISABLE KEYS */;
INSERT INTO `plant` VALUES (1,'2024-08-15 18:58:19.125506','COMPLETED',710,710,'2024-08-16 03:37:18.497791',_binary '',0,1),(2,'2024-08-15 19:16:47.469487','IN_PROGRESS',40,40,'2024-08-16 09:44:46.407728',_binary '',0,2),(3,'2024-08-15 19:42:39.933618','IN_PROGRESS',20,20,'2024-08-18 17:28:23.894345',_binary '',0,3),(4,'2024-08-15 20:09:41.179592','COMPLETED',70,470,'2024-08-17 14:47:11.110574',_binary '',13,4),(5,'2024-08-15 23:18:25.798900','IN_PROGRESS',80,80,'2024-08-17 18:41:59.785464',_binary '',0,5),(6,'2024-08-16 11:16:37.830211','IN_PROGRESS',90,90,'2024-08-16 11:32:05.645601',_binary '',0,6),(7,'2024-08-16 12:11:23.662321','IN_PROGRESS',40,40,'2024-08-16 13:31:27.963342',_binary '',0,7),(8,'2024-08-18 13:36:58.411420','IN_PROGRESS',40,40,'2024-08-18 14:33:30.085520',_binary '\0',0,8),(9,'2024-08-18 14:14:34.150163','IN_PROGRESS',80,80,'2024-08-18 14:41:12.414009',_binary '',0,9),(10,'2024-08-18 14:33:03.264019','IN_PROGRESS',80,80,'2024-08-18 14:43:31.112249',_binary '',0,10),(11,'2024-08-18 14:40:43.285602','IN_PROGRESS',120,120,'2024-08-18 15:05:55.576778',_binary '',0,11);
/*!40000 ALTER TABLE `plant` ENABLE KEYS */;
UNLOCK TABLES;

--
-- Table structure for table `plant_exp_history`
--

DROP TABLE IF EXISTS `plant_exp_history`;
/*!40101 SET @saved_cs_client     = @@character_set_client */;
/*!50503 SET character_set_client = utf8mb4 */;
CREATE TABLE `plant_exp_history` (
  `plant_history_id` int NOT NULL AUTO_INCREMENT,
  `date_month` date NOT NULL,
  `plant_status` enum('COMPLETED','IN_PROGRESS') NOT NULL,
  `total_exp` int NOT NULL,
  `plant_id` int NOT NULL,
  PRIMARY KEY (`plant_history_id`),
  KEY `FK3s0vsg18nq91inmpag7lhri47` (`plant_id`),
  CONSTRAINT `FK3s0vsg18nq91inmpag7lhri47` FOREIGN KEY (`plant_id`) REFERENCES `plant` (`plant_id`)
) ENGINE=InnoDB AUTO_INCREMENT=14 DEFAULT CHARSET=utf8mb4 COLLATE=utf8mb4_0900_ai_ci;
/*!40101 SET character_set_client = @saved_cs_client */;

--
-- Dumping data for table `plant_exp_history`
--

LOCK TABLES `plant_exp_history` WRITE;
/*!40000 ALTER TABLE `plant_exp_history` DISABLE KEYS */;
INSERT INTO `plant_exp_history` VALUES (1,'2024-01-15','IN_PROGRESS',420,1),(2,'2024-02-15','IN_PROGRESS',80,1),(3,'2024-02-15','IN_PROGRESS',40,2),(4,'2024-03-15','COMPLETED',710,1),(5,'2024-03-15','IN_PROGRESS',40,2),(6,'2024-04-15','COMPLETED',700,1),(7,'2024-04-15','IN_PROGRESS',10,3),(8,'2024-05-15','COMPLETED',710,1),(9,'2024-06-15','COMPLETED',700,1),(10,'2024-06-15','IN_PROGRESS',50,4),(11,'2024-07-15','COMPLETED',710,1);
/*!40000 ALTER TABLE `plant_exp_history` ENABLE KEYS */;
UNLOCK TABLES;

--
-- Table structure for table `plant_walk`
--

DROP TABLE IF EXISTS `plant_walk`;
/*!40101 SET @saved_cs_client     = @@character_set_client */;
/*!50503 SET character_set_client = utf8mb4 */;
CREATE TABLE `plant_walk` (
  `plant_walk_id` int NOT NULL AUTO_INCREMENT,
  `start_at` datetime(6) DEFAULT NULL,
  `lat` double DEFAULT NULL,
  `lng` double DEFAULT NULL,
  `use_yn` bit(1) NOT NULL,
  `last_walker_user_room_id` int DEFAULT NULL,
  `walk_yn` bit(1) NOT NULL,
  `plant_id` int NOT NULL,
  PRIMARY KEY (`plant_walk_id`),
  UNIQUE KEY `UKay53moj7kp34vevw5qe0wils1` (`plant_id`),
  CONSTRAINT `FKkuctuv60cu7uvsyufu483f6pg` FOREIGN KEY (`plant_id`) REFERENCES `plant` (`plant_id`)
) ENGINE=InnoDB AUTO_INCREMENT=12 DEFAULT CHARSET=utf8mb4 COLLATE=utf8mb4_0900_ai_ci;
/*!40101 SET character_set_client = @saved_cs_client */;

--
-- Dumping data for table `plant_walk`
--

LOCK TABLES `plant_walk` WRITE;
/*!40000 ALTER TABLE `plant_walk` DISABLE KEYS */;
INSERT INTO `plant_walk` VALUES (1,'2024-08-18 13:53:10.952067',37.5127286,126.9824808,_binary '',4,_binary '\0',1),(2,'2024-08-16 17:29:15.738212',37.50178063795986,127.03937791817796,_binary '',8,_binary '\0',2),(3,'2024-08-15 19:43:04.321151',37.4996309,127.0295961,_binary '',9,_binary '\0',3),(4,'2024-08-17 14:42:30.226487',35.872762,128.8187721,_binary '',13,_binary '',4),(5,NULL,NULL,NULL,_binary '',NULL,_binary '\0',5),(6,NULL,NULL,NULL,_binary '',NULL,_binary '\0',6),(7,'2024-08-16 12:11:35.199538',37.3252731,126.7036125,_binary '',20,_binary '\0',7),(8,NULL,NULL,NULL,_binary '\0',NULL,_binary '\0',8),(9,NULL,NULL,NULL,_binary '',NULL,_binary '\0',9),(10,NULL,NULL,NULL,_binary '',NULL,_binary '\0',10),(11,NULL,NULL,NULL,_binary '',NULL,_binary '\0',11);
/*!40000 ALTER TABLE `plant_walk` ENABLE KEYS */;
UNLOCK TABLES;

--
-- Table structure for table `refresh`
--

DROP TABLE IF EXISTS `refresh`;
/*!40101 SET @saved_cs_client     = @@character_set_client */;
/*!50503 SET character_set_client = utf8mb4 */;
CREATE TABLE `refresh` (
  `refresh_id` int NOT NULL AUTO_INCREMENT,
  `expired_at` datetime(6) NOT NULL,
  `refresh_token` varchar(256) NOT NULL,
  PRIMARY KEY (`refresh_id`)
) ENGINE=InnoDB AUTO_INCREMENT=169 DEFAULT CHARSET=utf8mb4 COLLATE=utf8mb4_0900_ai_ci;
/*!40101 SET character_set_client = @saved_cs_client */;

--
-- Dumping data for table `refresh`
--

LOCK TABLES `refresh` WRITE;
/*!40000 ALTER TABLE `refresh` DISABLE KEYS */;
INSERT INTO `refresh` VALUES (4,'2027-05-12 18:58:22.338698','eyJhbGciOiJIUzI1NiJ9.eyJjYXRlZ29yeSI6InJlZnJlc2giLCJ1c2VySWQiOjQsInJvbGUiOiJLQUtBTyIsImxvZ2luSWQiOiJLYWthby0zNjU0OTEzNTc1LeyngO2dlCIsImlhdCI6MTcyMzcxNTkwMiwiZXhwIjoxNzIzODAyMzAyfQ.7DaRyQ3uFEQNHtkKxu-fpkkhKrl_iLA_Wb39WeKE8KY'),(5,'2027-05-12 18:58:33.581916','eyJhbGciOiJIUzI1NiJ9.eyJjYXRlZ29yeSI6InJlZnJlc2giLCJ1c2VySWQiOjEsInJvbGUiOiJLQUtBTyIsImxvZ2luSWQiOiJLYWthby0zNjU1ODU1NDE3Leq5gOyEoOybhSIsImlhdCI6MTcyMzcxNTkxMywiZXhwIjoxNzIzODAyMzEzfQ.lKp94PG-cUvPEP0NOnEhFPphUz2ZeedkBtKMtW4YrcI'),(6,'2027-05-12 18:58:33.866646','eyJhbGciOiJIUzI1NiJ9.eyJjYXRlZ29yeSI6InJlZnJlc2giLCJ1c2VySWQiOjEsInJvbGUiOiJLQUtBTyIsImxvZ2luSWQiOiJLYWthby0zNjU1ODU1NDE3Leq5gOyEoOybhSIsImlhdCI6MTcyMzcxNTkxMywiZXhwIjoxNzIzODAyMzEzfQ.lKp94PG-cUvPEP0NOnEhFPphUz2ZeedkBtKMtW4YrcI'),(7,'2027-05-12 19:03:42.745585','eyJhbGciOiJIUzI1NiJ9.eyJjYXRlZ29yeSI6InJlZnJlc2giLCJ1c2VySWQiOjIsInJvbGUiOiJLQUtBTyIsImxvZ2luSWQiOiJLYWthby0zNjU0NDgwODIzLeyjvOyGjOyYgSIsImlhdCI6MTcyMzcxNjIyMiwiZXhwIjoxNzIzODAyNjIyfQ.-rc86BHDIw91-fRTxa4jOt3t6-t6I_2v9BHnJzAQXM4'),(8,'2027-05-12 19:07:34.011793','eyJhbGciOiJIUzI1NiJ9.eyJjYXRlZ29yeSI6InJlZnJlc2giLCJ1c2VySWQiOjQsInJvbGUiOiJLQUtBTyIsImxvZ2luSWQiOiJLYWthby0zNjU0OTEzNTc1LeyngO2dlCIsImlhdCI6MTcyMzcxNjQ1NCwiZXhwIjoxNzIzODAyODU0fQ.wtLfChgFDKYG5XGDWOTX-xOvVRaf4iGTIIioCEtSywc'),(9,'2027-05-12 19:14:40.395744','eyJhbGciOiJIUzI1NiJ9.eyJjYXRlZ29yeSI6InJlZnJlc2giLCJ1c2VySWQiOjUsInJvbGUiOiJLQUtBTyIsImxvZ2luSWQiOiJLYWthby0zNjUzMTk2NjM3LeuwleuPme2ZmCIsImlhdCI6MTcyMzcxNjg4MCwiZXhwIjoxNzIzODAzMjgwfQ.zrgkgTqC5PkmQXnwrM0GVKX1tL30c1MuEVWc2rQM-WE'),(10,'2027-05-12 19:17:35.400539','eyJhbGciOiJIUzI1NiJ9.eyJjYXRlZ29yeSI6InJlZnJlc2giLCJ1c2VySWQiOjYsInJvbGUiOiJLQUtBTyIsImxvZ2luSWQiOiJLYWthby0zNjQ5NDk1NTY0Le2Zqeygle2YhCIsImlhdCI6MTcyMzcxNzA1NSwiZXhwIjoxNzIzODAzNDU1fQ.NPSN9lfODwzmUPzOuI2CN3Wi9rqFMeoLhCezsJwfVVI'),(11,'2027-05-12 19:19:35.148584','eyJhbGciOiJIUzI1NiJ9.eyJjYXRlZ29yeSI6InJlZnJlc2giLCJ1c2VySWQiOjcsInJvbGUiOiJLQUtBTyIsImxvZ2luSWQiOiJLYWthby0zNjY1NjYyNTg3LeyYpO2YhOynhCIsImlhdCI6MTcyMzcxNzE3NSwiZXhwIjoxNzIzODAzNTc1fQ.fRpXFtGzSfOEm0CW460lypTyrK0PSVC_HYx4v-gqRno'),(13,'2027-05-12 19:42:29.100225','eyJhbGciOiJIUzI1NiJ9.eyJjYXRlZ29yeSI6InJlZnJlc2giLCJ1c2VySWQiOjYsInJvbGUiOiJLQUtBTyIsImxvZ2luSWQiOiJLYWthby0zNjQ5NDk1NTY0Le2Zqeygle2YhCIsImlhdCI6MTcyMzcxODU0OSwiZXhwIjoxNzIzODA0OTQ5fQ._LZ1ZP1jIrjANeYiq0urT5sawFW5taVSAY0tDqDT8JQ'),(14,'2027-05-12 20:09:20.104912','eyJhbGciOiJIUzI1NiJ9.eyJjYXRlZ29yeSI6InJlZnJlc2giLCJ1c2VySWQiOjgsInJvbGUiOiJLQUtBTyIsImxvZ2luSWQiOiJLYWthby0zNjY1NzIzNDM5Ley1nOykgO2YuCIsImlhdCI6MTcyMzcyMDE2MCwiZXhwIjoxNzIzODA2NTYwfQ._PELl76N01Hwghn3lsYOyIOPKmFTTsCdLBebxoAeK0s'),(16,'2027-05-12 20:44:23.000001','eyJhbGciOiJIUzI1NiJ9.eyJjYXRlZ29yeSI6InJlZnJlc2giLCJ1c2VySWQiOjEwLCJyb2xlIjoiS0FLQU8iLCJsb2dpbklkIjoiS2FrYW8tMzY1ODg3NDU1Ny3rj5nsqr3tlZjripjrrLTsp4DqsJwiLCJpYXQiOjE3MjM3MjIyNjMsImV4cCI6MTcyMzgwODY2M30.EOSF442Y-aiLP1h0bFl4yExep4ycJDzaL2ku1fJ2GSo'),(17,'2027-05-12 20:56:54.035118','eyJhbGciOiJIUzI1NiJ9.eyJjYXRlZ29yeSI6InJlZnJlc2giLCJ1c2VySWQiOjMsInJvbGUiOiJLQUtBTyIsImxvZ2luSWQiOiJLYWthby0zNjUzMTgwNjQwLey1nOyGjO2YhCIsImlhdCI6MTcyMzcyMzAxNCwiZXhwIjoxNzIzODA5NDE0fQ.pLPb1tZjH-642dGH4St3fZUAwdPyf1MY2-FNpRpaxFk'),(18,'2027-05-12 21:02:22.640137','eyJhbGciOiJIUzI1NiJ9.eyJjYXRlZ29yeSI6InJlZnJlc2giLCJ1c2VySWQiOjUsInJvbGUiOiJLQUtBTyIsImxvZ2luSWQiOiJLYWthby0zNjUzMTk2NjM3LeuwleuPme2ZmCIsImlhdCI6MTcyMzcyMzM0MiwiZXhwIjoxNzIzODA5NzQyfQ.fIn6K3zgR36NRU3bxgdLSAMtNXtcaDLYFeYVe4dJtqA'),(20,'2027-05-12 21:03:34.278423','eyJhbGciOiJIUzI1NiJ9.eyJjYXRlZ29yeSI6InJlZnJlc2giLCJ1c2VySWQiOjgsInJvbGUiOiJLQUtBTyIsImxvZ2luSWQiOiJLYWthby0zNjY1NzIzNDM5Ley1nOykgO2YuCIsImlhdCI6MTcyMzcyMzQxNCwiZXhwIjoxNzIzODA5ODE0fQ.YjWjeg03rJqHVQ5gBCGEXA45yYKnu49mNNnSfKCXXhk'),(21,'2027-05-12 21:04:02.417581','eyJhbGciOiJIUzI1NiJ9.eyJjYXRlZ29yeSI6InJlZnJlc2giLCJ1c2VySWQiOjgsInJvbGUiOiJLQUtBTyIsImxvZ2luSWQiOiJLYWthby0zNjY1NzIzNDM5Ley1nOykgO2YuCIsImlhdCI6MTcyMzcyMzQ0MiwiZXhwIjoxNzIzODA5ODQyfQ.THZakdWM8zdbgK9I3RfLwtKODPWPRyHHqtmwk2g3USk'),(24,'2027-05-12 23:04:00.675447','eyJhbGciOiJIUzI1NiJ9.eyJjYXRlZ29yeSI6InJlZnJlc2giLCJ1c2VySWQiOjEwLCJyb2xlIjoiS0FLQU8iLCJsb2dpbklkIjoiS2FrYW8tMzY1ODg3NDU1Ny3rj5nsqr3tlZjripjrrLTsp4DqsJwiLCJpYXQiOjE3MjM3MzA2NDAsImV4cCI6MTcyMzgxNzA0MH0.GzByD6sh8LCS0QANlW_2rXrzwQnfoz_QBmtKIAo1x_o'),(25,'2027-05-12 23:18:08.103465','eyJhbGciOiJIUzI1NiJ9.eyJjYXRlZ29yeSI6InJlZnJlc2giLCJ1c2VySWQiOjExLCJyb2xlIjoiS0FLQU8iLCJsb2dpbklkIjoiS2FrYW8tMzY2NTk0OTU4MC3tjJTsg4nsobDshLHtnawiLCJpYXQiOjE3MjM3MzE0ODgsImV4cCI6MTcyMzgxNzg4OH0.Z6zgDzzPOW42fZaZK8gDfEcNy_lzus3ospDoDHs9b4Y'),(26,'2027-05-12 23:20:23.602848','eyJhbGciOiJIUzI1NiJ9.eyJjYXRlZ29yeSI6InJlZnJlc2giLCJ1c2VySWQiOjExLCJyb2xlIjoiS0FLQU8iLCJsb2dpbklkIjoiS2FrYW8tMzY2NTk0OTU4MC3tjJTsg4nsobDshLHtnawiLCJpYXQiOjE3MjM3MzE2MjMsImV4cCI6MTcyMzgxODAyM30.rl_Xu1GPck9cZBJnlFdsYeveEBqYFxpVpjs1tZN_e14'),(28,'2027-05-12 23:21:43.674035','eyJhbGciOiJIUzI1NiJ9.eyJjYXRlZ29yeSI6InJlZnJlc2giLCJ1c2VySWQiOjExLCJyb2xlIjoiS0FLQU8iLCJsb2dpbklkIjoiS2FrYW8tMzY2NTk0OTU4MC3tjJTsg4nsobDshLHtnawiLCJpYXQiOjE3MjM3MzE3MDMsImV4cCI6MTcyMzgxODEwM30.jY2nI9TSHzZ8a_J4LRSHukR6LJXyEz-Js68opbHyKkI'),(31,'2027-05-12 23:38:21.464251','eyJhbGciOiJIUzI1NiJ9.eyJjYXRlZ29yeSI6InJlZnJlc2giLCJ1c2VySWQiOjYsInJvbGUiOiJLQUtBTyIsImxvZ2luSWQiOiJLYWthby0zNjQ5NDk1NTY0Le2Zqeygle2YhCIsImlhdCI6MTcyMzczMjcwMSwiZXhwIjoxNzIzODE5MTAxfQ.PV6YqUhd84EBPZ87yi85IQhZ5J8e1_IB5QgGyQHzVLw'),(32,'2027-05-13 01:10:16.451083','eyJhbGciOiJIUzI1NiJ9.eyJjYXRlZ29yeSI6InJlZnJlc2giLCJ1c2VySWQiOjMsInJvbGUiOiJLQUtBTyIsImxvZ2luSWQiOiJLYWthby0zNjUzMTgwNjQwLey1nOyGjO2YhCIsImlhdCI6MTcyMzczODIxNiwiZXhwIjoxNzIzODI0NjE2fQ.eGgda8egRH2npjNBVWIMHnI1KmMxuCgR9WFsc5VoIr8'),(34,'2027-05-13 01:38:16.306332','eyJhbGciOiJIUzI1NiJ9.eyJjYXRlZ29yeSI6InJlZnJlc2giLCJ1c2VySWQiOjMsInJvbGUiOiJLQUtBTyIsImxvZ2luSWQiOiJLYWthby0zNjUzMTgwNjQwLey1nOyGjO2YhCIsImlhdCI6MTcyMzczOTg5NiwiZXhwIjoxNzIzODI2Mjk2fQ.Y-C17JT1rg-8ijAS47Byiq_qDBsq1oNyWd-_oFEH2s8'),(35,'2027-05-13 02:34:03.293324','eyJhbGciOiJIUzI1NiJ9.eyJjYXRlZ29yeSI6InJlZnJlc2giLCJ1c2VySWQiOjMsInJvbGUiOiJLQUtBTyIsImxvZ2luSWQiOiJLYWthby0zNjUzMTgwNjQwLey1nOyGjO2YhCIsImlhdCI6MTcyMzc0MzI0MywiZXhwIjoxNzIzODI5NjQzfQ.1KDD2zC_klaY2rbbtr5cyeaGx2RskaPWPv79f0eS6CM'),(36,'2027-05-13 05:08:24.438947','eyJhbGciOiJIUzI1NiJ9.eyJjYXRlZ29yeSI6InJlZnJlc2giLCJ1c2VySWQiOjMsInJvbGUiOiJLQUtBTyIsImxvZ2luSWQiOiJLYWthby0zNjUzMTgwNjQwLey1nOyGjO2YhCIsImlhdCI6MTcyMzc1MjUwNCwiZXhwIjoxNzIzODM4OTA0fQ.yTNJRWF_CN8VvFVyl7ewFPYGtYMA4tR7nrBLpc0qT8Y'),(37,'2027-05-13 05:44:14.566648','eyJhbGciOiJIUzI1NiJ9.eyJjYXRlZ29yeSI6InJlZnJlc2giLCJ1c2VySWQiOjMsInJvbGUiOiJLQUtBTyIsImxvZ2luSWQiOiJLYWthby0zNjUzMTgwNjQwLey1nOyGjO2YhCIsImlhdCI6MTcyMzc1NDY1NCwiZXhwIjoxNzIzODQxMDU0fQ.Doo6pYfhcynoHFkONirfDyiVEqSPzxioZeNa2DuVuSA'),(38,'2027-05-13 05:45:14.278362','eyJhbGciOiJIUzI1NiJ9.eyJjYXRlZ29yeSI6InJlZnJlc2giLCJ1c2VySWQiOjMsInJvbGUiOiJLQUtBTyIsImxvZ2luSWQiOiJLYWthby0zNjUzMTgwNjQwLey1nOyGjO2YhCIsImlhdCI6MTcyMzc1NDcxNCwiZXhwIjoxNzIzODQxMTE0fQ.ODhWJUQQVhl_F73_atZ_1HLLwF4wnbpC7aK9FRdYL-w'),(39,'2027-05-13 05:45:18.433274','eyJhbGciOiJIUzI1NiJ9.eyJjYXRlZ29yeSI6InJlZnJlc2giLCJ1c2VySWQiOjEzLCJyb2xlIjoiR09PR0xFIiwibG9naW5JZCI6Ikdvb2dsZS0xMDEwMzE3MTAyMjUwNTUyNTIyMzMt65il7J20IiwiaWF0IjoxNzIzNzU0NzE4LCJleHAiOjE3MjM4NDExMTh9.EH0QpuS6ShAI9gpkR6CQTpFvWtqb7_2oKml59rvKRIE'),(40,'2027-05-13 05:45:22.534049','eyJhbGciOiJIUzI1NiJ9.eyJjYXRlZ29yeSI6InJlZnJlc2giLCJ1c2VySWQiOjMsInJvbGUiOiJLQUtBTyIsImxvZ2luSWQiOiJLYWthby0zNjUzMTgwNjQwLey1nOyGjO2YhCIsImlhdCI6MTcyMzc1NDcyMiwiZXhwIjoxNzIzODQxMTIyfQ.h0nDt8XSoGeNeYtQTH4LEY7ClUiej09tJpFyPWAmAwY'),(41,'2027-05-13 07:14:04.647321','eyJhbGciOiJIUzI1NiJ9.eyJjYXRlZ29yeSI6InJlZnJlc2giLCJ1c2VySWQiOjksInJvbGUiOiJLQUtBTyIsImxvZ2luSWQiOiJLYWthby0zNjY1NzI1NDA2Leq3gOyXrOyatOynseq1rCIsImlhdCI6MTcyMzc2MDA0NCwiZXhwIjoxNzIzODQ2NDQ0fQ.Qn5SMtKJbGS8f3fiSwcfHrtpKSh293LDTvxC9Hqz-GU'),(42,'2027-05-13 07:14:09.490081','eyJhbGciOiJIUzI1NiJ9.eyJjYXRlZ29yeSI6InJlZnJlc2giLCJ1c2VySWQiOjksInJvbGUiOiJLQUtBTyIsImxvZ2luSWQiOiJLYWthby0zNjY1NzI1NDA2Leq3gOyXrOyatOynseq1rCIsImlhdCI6MTcyMzc2MDA0OSwiZXhwIjoxNzIzODQ2NDQ5fQ.Z9Bz5U7ukR3EFVRilnqp9Ja3lcqusVGWzR7ocASuHFY'),(43,'2027-05-13 07:15:23.053680','eyJhbGciOiJIUzI1NiJ9.eyJjYXRlZ29yeSI6InJlZnJlc2giLCJ1c2VySWQiOjksInJvbGUiOiJLQUtBTyIsImxvZ2luSWQiOiJLYWthby0zNjY1NzI1NDA2Leq3gOyXrOyatOynseq1rCIsImlhdCI6MTcyMzc2MDEyMywiZXhwIjoxNzIzODQ2NTIzfQ.M4g0Q9fmLeyeqQVuUyKCf8cj2ANAtRL2Qc01OtYpiUU'),(45,'2027-05-13 07:52:08.851557','eyJhbGciOiJIUzI1NiJ9.eyJjYXRlZ29yeSI6InJlZnJlc2giLCJ1c2VySWQiOjUsInJvbGUiOiJLQUtBTyIsImxvZ2luSWQiOiJLYWthby0zNjUzMTk2NjM3LeuwleuPme2ZmCIsImlhdCI6MTcyMzc2MjMyOCwiZXhwIjoxNzIzODQ4NzI4fQ.qKn2UbeIajDEkIG6S3qQu4SnitVrDabJnL4J_OpOHis'),(46,'2027-05-13 08:37:17.665157','eyJhbGciOiJIUzI1NiJ9.eyJjYXRlZ29yeSI6InJlZnJlc2giLCJ1c2VySWQiOjQsInJvbGUiOiJLQUtBTyIsImxvZ2luSWQiOiJLYWthby0zNjU0OTEzNTc1LeyngO2dlCIsImlhdCI6MTcyMzc2NTAzNywiZXhwIjoxNzIzODUxNDM3fQ.MLZtXEdtbJATGO1HZLqqwGywK9zpVyH9cE5HRfx7AcQ'),(48,'2027-05-13 08:46:53.480539','eyJhbGciOiJIUzI1NiJ9.eyJjYXRlZ29yeSI6InJlZnJlc2giLCJ1c2VySWQiOjQsInJvbGUiOiJLQUtBTyIsImxvZ2luSWQiOiJLYWthby0zNjU0OTEzNTc1LeyngO2dlCIsImlhdCI6MTcyMzc2NTYxMywiZXhwIjoxNzIzODUyMDEzfQ.u7weTj_IuKE6mbHdpD2OpU-z9lGjjwLFl5FlVgCntAM'),(49,'2027-05-13 08:46:59.355092','eyJhbGciOiJIUzI1NiJ9.eyJjYXRlZ29yeSI6InJlZnJlc2giLCJ1c2VySWQiOjIsInJvbGUiOiJLQUtBTyIsImxvZ2luSWQiOiJLYWthby0zNjU0NDgwODIzLeyjvOyGjOyYgSIsImlhdCI6MTcyMzc2NTYxOSwiZXhwIjoxNzIzODUyMDE5fQ.wIG3Au27aJjv048q9b47z3HG_ZS-yFFONv0id-K0gSo'),(50,'2027-05-13 08:47:00.902624','eyJhbGciOiJIUzI1NiJ9.eyJjYXRlZ29yeSI6InJlZnJlc2giLCJ1c2VySWQiOjIsInJvbGUiOiJLQUtBTyIsImxvZ2luSWQiOiJLYWthby0zNjU0NDgwODIzLeyjvOyGjOyYgSIsImlhdCI6MTcyMzc2NTYyMCwiZXhwIjoxNzIzODUyMDIwfQ.8Kc5bR2wBaSSKDICO3Ry7fjh1wYXVgC6JeGHvGCrsOE'),(52,'2027-05-13 09:17:22.558619','eyJhbGciOiJIUzI1NiJ9.eyJjYXRlZ29yeSI6InJlZnJlc2giLCJ1c2VySWQiOjMsInJvbGUiOiJLQUtBTyIsImxvZ2luSWQiOiJLYWthby0zNjUzMTgwNjQwLey1nOyGjO2YhCIsImlhdCI6MTcyMzc2NzQ0MiwiZXhwIjoxNzIzODUzODQyfQ.p6y9CPHkkWgia1f-oMCuBI19UDjR10nx4Ja-iXw-LeY'),(53,'2027-05-13 09:28:34.672505','eyJhbGciOiJIUzI1NiJ9.eyJjYXRlZ29yeSI6InJlZnJlc2giLCJ1c2VySWQiOjEsInJvbGUiOiJLQUtBTyIsImxvZ2luSWQiOiJLYWthby0zNjU1ODU1NDE3Leq5gOyEoOybhSIsImlhdCI6MTcyMzc2ODExNCwiZXhwIjoxNzIzODU0NTE0fQ.qC2lui9su8EnijSIhZuXnDtNfV-e8Rgv5GrUUxg0MUU'),(55,'2027-05-13 09:29:58.144482','eyJhbGciOiJIUzI1NiJ9.eyJjYXRlZ29yeSI6InJlZnJlc2giLCJ1c2VySWQiOjEsInJvbGUiOiJLQUtBTyIsImxvZ2luSWQiOiJLYWthby0zNjU1ODU1NDE3Leq5gOyEoOybhSIsImlhdCI6MTcyMzc2ODE5OCwiZXhwIjoxNzIzODU0NTk4fQ.qugnOOuag0lVDIcCCZOlppFUwSO5aARDZBn3bbVc-kA'),(57,'2027-05-13 09:39:26.336234','eyJhbGciOiJIUzI1NiJ9.eyJjYXRlZ29yeSI6InJlZnJlc2giLCJ1c2VySWQiOjIsInJvbGUiOiJLQUtBTyIsImxvZ2luSWQiOiJLYWthby0zNjU0NDgwODIzLeyjvOyGjOyYgSIsImlhdCI6MTcyMzc2ODc2NiwiZXhwIjoxNzIzODU1MTY2fQ.qy-Eluvn__ZPI5QQcAeO9R5seD-hhiOy7n-y-u6Dh08'),(58,'2027-05-13 10:00:17.223503','eyJhbGciOiJIUzI1NiJ9.eyJjYXRlZ29yeSI6InJlZnJlc2giLCJ1c2VySWQiOjIsInJvbGUiOiJLQUtBTyIsImxvZ2luSWQiOiJLYWthby0zNjU0NDgwODIzLeyjvOyGjOyYgSIsImlhdCI6MTcyMzc3MDAxNywiZXhwIjoxNzIzODU2NDE3fQ.RIInt1Yr-cLaGjW7kq9pizq7e4ZKsn9n-6JEwQDXBI0'),(59,'2027-05-13 10:11:18.823675','eyJhbGciOiJIUzI1NiJ9.eyJjYXRlZ29yeSI6InJlZnJlc2giLCJ1c2VySWQiOjIsInJvbGUiOiJLQUtBTyIsImxvZ2luSWQiOiJLYWthby0zNjU0NDgwODIzLeyjvOyGjOyYgSIsImlhdCI6MTcyMzc3MDY3OCwiZXhwIjoxNzIzODU3MDc4fQ.157d_Tx91Ytmwj0wTjl5Gc-E16FMPbZQCHg6TKuBgq4'),(60,'2027-05-13 10:15:15.431542','eyJhbGciOiJIUzI1NiJ9.eyJjYXRlZ29yeSI6InJlZnJlc2giLCJ1c2VySWQiOjQsInJvbGUiOiJLQUtBTyIsImxvZ2luSWQiOiJLYWthby0zNjU0OTEzNTc1LeyngO2dlCIsImlhdCI6MTcyMzc3MDkxNSwiZXhwIjoxNzIzODU3MzE1fQ.6PmZMIbAmmn-vRtBYXsDqsJueAIySNnKFgT-C4opu0o'),(61,'2027-05-13 10:46:26.122200','eyJhbGciOiJIUzI1NiJ9.eyJjYXRlZ29yeSI6InJlZnJlc2giLCJ1c2VySWQiOjIsInJvbGUiOiJLQUtBTyIsImxvZ2luSWQiOiJLYWthby0zNjU0NDgwODIzLeyjvOyGjOyYgSIsImlhdCI6MTcyMzc3Mjc4NiwiZXhwIjoxNzIzODU5MTg2fQ.64EjifV0mph1gv2IgKejySTRx-4vPPOTDkgPKxLT2hg'),(62,'2027-05-13 10:50:21.347961','eyJhbGciOiJIUzI1NiJ9.eyJjYXRlZ29yeSI6InJlZnJlc2giLCJ1c2VySWQiOjUsInJvbGUiOiJLQUtBTyIsImxvZ2luSWQiOiJLYWthby0zNjUzMTk2NjM3LeuwleuPme2ZmCIsImlhdCI6MTcyMzc3MzAyMSwiZXhwIjoxNzIzODU5NDIxfQ.7kFmD5H_4Dz6k9ClxbughNkZNj35KiXac_XOrWiUI00'),(63,'2027-05-13 10:50:40.750728','eyJhbGciOiJIUzI1NiJ9.eyJjYXRlZ29yeSI6InJlZnJlc2giLCJ1c2VySWQiOjUsInJvbGUiOiJLQUtBTyIsImxvZ2luSWQiOiJLYWthby0zNjUzMTk2NjM3LeuwleuPme2ZmCIsImlhdCI6MTcyMzc3MzA0MCwiZXhwIjoxNzIzODU5NDQwfQ.H1mqF-EUKIvW0LDdZwWdw8cKmdFVntCSaDkn6wLmekc'),(64,'2027-05-13 10:51:28.230571','eyJhbGciOiJIUzI1NiJ9.eyJjYXRlZ29yeSI6InJlZnJlc2giLCJ1c2VySWQiOjUsInJvbGUiOiJLQUtBTyIsImxvZ2luSWQiOiJLYWthby0zNjUzMTk2NjM3LeuwleuPme2ZmCIsImlhdCI6MTcyMzc3MzA4OCwiZXhwIjoxNzIzODU5NDg4fQ.w4_RNUukKac883GjZeQEU5PgEGw1QPnI8jo_PqaXs_0'),(66,'2027-05-13 11:11:37.461531','eyJhbGciOiJIUzI1NiJ9.eyJjYXRlZ29yeSI6InJlZnJlc2giLCJ1c2VySWQiOjE0LCJyb2xlIjoiS0FLQU8iLCJsb2dpbklkIjoiS2FrYW8tMzY2NjM2MDcyMy3tlqXquLAiLCJpYXQiOjE3MjM3NzQyOTcsImV4cCI6MTcyMzg2MDY5N30.pKA0sei-o-Dindc8zY3dAjqGZL7c0Mu1k4A_yv8KGAM'),(71,'2027-05-13 11:30:42.976529','eyJhbGciOiJIUzI1NiJ9.eyJjYXRlZ29yeSI6InJlZnJlc2giLCJ1c2VySWQiOjMsInJvbGUiOiJLQUtBTyIsImxvZ2luSWQiOiJLYWthby0zNjUzMTgwNjQwLey1nOyGjO2YhCIsImlhdCI6MTcyMzc3NTQ0MiwiZXhwIjoxNzIzODYxODQyfQ.O2noxaRT8P-7LokW70qmfHGHWBniMpUvfVqxcRhz_1s'),(72,'2027-05-13 11:39:11.900397','eyJhbGciOiJIUzI1NiJ9.eyJjYXRlZ29yeSI6InJlZnJlc2giLCJ1c2VySWQiOjQsInJvbGUiOiJLQUtBTyIsImxvZ2luSWQiOiJLYWthby0zNjU0OTEzNTc1LeyngO2dlCIsImlhdCI6MTcyMzc3NTk1MSwiZXhwIjoxNzIzODYyMzUxfQ.D3IP379jjNEIcG_JtDI6lKXdgaBfpgBkdrZ4ZrIBNvE'),(73,'2027-05-13 12:10:49.040681','eyJhbGciOiJIUzI1NiJ9.eyJjYXRlZ29yeSI6InJlZnJlc2giLCJ1c2VySWQiOjE0LCJyb2xlIjoiS0FLQU8iLCJsb2dpbklkIjoiS2FrYW8tMzY2NjM2MDcyMy3tlqXquLAiLCJpYXQiOjE3MjM3Nzc4NDksImV4cCI6MTcyMzg2NDI0OX0.eMsTVrstZqjqxv1KAQZc34nRlEUdxliwNz6xUTmwOuQ'),(74,'2027-05-13 12:13:20.043797','eyJhbGciOiJIUzI1NiJ9.eyJjYXRlZ29yeSI6InJlZnJlc2giLCJ1c2VySWQiOjMsInJvbGUiOiJLQUtBTyIsImxvZ2luSWQiOiJLYWthby0zNjUzMTgwNjQwLey1nOyGjO2YhCIsImlhdCI6MTcyMzc3ODAwMCwiZXhwIjoxNzIzODY0NDAwfQ.66e5xB8kX98df2-JifVU6q1gboQcefuNRGM298C2I0k'),(75,'2027-05-13 12:14:23.596752','eyJhbGciOiJIUzI1NiJ9.eyJjYXRlZ29yeSI6InJlZnJlc2giLCJ1c2VySWQiOjIsInJvbGUiOiJLQUtBTyIsImxvZ2luSWQiOiJLYWthby0zNjU0NDgwODIzLeyjvOyGjOyYgSIsImlhdCI6MTcyMzc3ODA2MywiZXhwIjoxNzIzODY0NDYzfQ.XfzEafr8oCY8Uxyb2fK6m2EDWmAPTXXuXm1AmoFhmzA'),(76,'2027-05-13 12:20:21.507724','eyJhbGciOiJIUzI1NiJ9.eyJjYXRlZ29yeSI6InJlZnJlc2giLCJ1c2VySWQiOjMsInJvbGUiOiJLQUtBTyIsImxvZ2luSWQiOiJLYWthby0zNjUzMTgwNjQwLey1nOyGjO2YhCIsImlhdCI6MTcyMzc3ODQyMSwiZXhwIjoxNzIzODY0ODIxfQ.Sg0r3w1RSo8bE26LVZyDzvvVQr3dr0mbbyehq7xDETE'),(77,'2027-05-13 12:20:47.777338','eyJhbGciOiJIUzI1NiJ9.eyJjYXRlZ29yeSI6InJlZnJlc2giLCJ1c2VySWQiOjMsInJvbGUiOiJLQUtBTyIsImxvZ2luSWQiOiJLYWthby0zNjUzMTgwNjQwLey1nOyGjO2YhCIsImlhdCI6MTcyMzc3ODQ0NywiZXhwIjoxNzIzODY0ODQ3fQ.G4XCRph4LpLW3x7iD_1GrOQOOJOv9nE0vN2zuxv5FHQ'),(78,'2027-05-13 12:26:17.761283','eyJhbGciOiJIUzI1NiJ9.eyJjYXRlZ29yeSI6InJlZnJlc2giLCJ1c2VySWQiOjMsInJvbGUiOiJLQUtBTyIsImxvZ2luSWQiOiJLYWthby0zNjUzMTgwNjQwLey1nOyGjO2YhCIsImlhdCI6MTcyMzc3ODc3NywiZXhwIjoxNzIzODY1MTc3fQ.MXeOq3d1Tl-7q0zYnx2QWUkjfVNHdO78EE156Bxqj18'),(79,'2027-05-13 12:26:31.624849','eyJhbGciOiJIUzI1NiJ9.eyJjYXRlZ29yeSI6InJlZnJlc2giLCJ1c2VySWQiOjQsInJvbGUiOiJLQUtBTyIsImxvZ2luSWQiOiJLYWthby0zNjU0OTEzNTc1LeyngO2dlCIsImlhdCI6MTcyMzc3ODc5MSwiZXhwIjoxNzIzODY1MTkxfQ.arr-CDI3RN6-iMXukmDDcpP4A5vwasysPXlG7JS8bnE'),(80,'2027-05-13 12:29:12.966660','eyJhbGciOiJIUzI1NiJ9.eyJjYXRlZ29yeSI6InJlZnJlc2giLCJ1c2VySWQiOjQsInJvbGUiOiJLQUtBTyIsImxvZ2luSWQiOiJLYWthby0zNjU0OTEzNTc1LeyngO2dlCIsImlhdCI6MTcyMzc3ODk1MiwiZXhwIjoxNzIzODY1MzUyfQ.G9pMzViRLfSbyhceoMAowb1sAqyRlTyxdRXt76RnZyA'),(81,'2027-05-13 12:35:38.068909','eyJhbGciOiJIUzI1NiJ9.eyJjYXRlZ29yeSI6InJlZnJlc2giLCJ1c2VySWQiOjMsInJvbGUiOiJLQUtBTyIsImxvZ2luSWQiOiJLYWthby0zNjUzMTgwNjQwLey1nOyGjO2YhCIsImlhdCI6MTcyMzc3OTMzOCwiZXhwIjoxNzIzODY1NzM4fQ.Cy7Yw9vjknlLyr-7cwcyTX0LSQEoDt-1RFtzSkSprrs'),(82,'2027-05-13 12:42:42.142735','eyJhbGciOiJIUzI1NiJ9.eyJjYXRlZ29yeSI6InJlZnJlc2giLCJ1c2VySWQiOjMsInJvbGUiOiJLQUtBTyIsImxvZ2luSWQiOiJLYWthby0zNjUzMTgwNjQwLey1nOyGjO2YhCIsImlhdCI6MTcyMzc3OTc2MiwiZXhwIjoxNzIzODY2MTYyfQ._0T8JcJGVXhVVz_mj1T__w91zpKV0wOFb_wQbnhbl5E'),(83,'2027-05-13 12:51:39.955058','eyJhbGciOiJIUzI1NiJ9.eyJjYXRlZ29yeSI6InJlZnJlc2giLCJ1c2VySWQiOjMsInJvbGUiOiJLQUtBTyIsImxvZ2luSWQiOiJLYWthby0zNjUzMTgwNjQwLey1nOyGjO2YhCIsImlhdCI6MTcyMzc4MDI5OSwiZXhwIjoxNzIzODY2Njk5fQ.zwmBmzVCWAUTvglLyiHBPfju8bwTMRUMMXib1-pwakQ'),(84,'2027-05-13 12:59:39.447289','eyJhbGciOiJIUzI1NiJ9.eyJjYXRlZ29yeSI6InJlZnJlc2giLCJ1c2VySWQiOjMsInJvbGUiOiJLQUtBTyIsImxvZ2luSWQiOiJLYWthby0zNjUzMTgwNjQwLey1nOyGjO2YhCIsImlhdCI6MTcyMzc4MDc3OSwiZXhwIjoxNzIzODY3MTc5fQ.PNObA1tJ4s1CwEAQ5tScBoH-dC4RgjJx-GZcXj5vku4'),(85,'2027-05-13 13:05:19.423868','eyJhbGciOiJIUzI1NiJ9.eyJjYXRlZ29yeSI6InJlZnJlc2giLCJ1c2VySWQiOjMsInJvbGUiOiJLQUtBTyIsImxvZ2luSWQiOiJLYWthby0zNjUzMTgwNjQwLey1nOyGjO2YhCIsImlhdCI6MTcyMzc4MTExOSwiZXhwIjoxNzIzODY3NTE5fQ.-v0j_Z-1osIo7qKBh2-bxk43XcNRO3eo2sjPYUtlVMc'),(86,'2027-05-13 13:08:22.875607','eyJhbGciOiJIUzI1NiJ9.eyJjYXRlZ29yeSI6InJlZnJlc2giLCJ1c2VySWQiOjMsInJvbGUiOiJLQUtBTyIsImxvZ2luSWQiOiJLYWthby0zNjUzMTgwNjQwLey1nOyGjO2YhCIsImlhdCI6MTcyMzc4MTMwMiwiZXhwIjoxNzIzODY3NzAyfQ.nBc7up-w3uyagcd14uF04U5bQ3Ly6d2PeA-8P0HB-kY'),(87,'2027-05-13 13:16:32.855812','eyJhbGciOiJIUzI1NiJ9.eyJjYXRlZ29yeSI6InJlZnJlc2giLCJ1c2VySWQiOjMsInJvbGUiOiJLQUtBTyIsImxvZ2luSWQiOiJLYWthby0zNjUzMTgwNjQwLey1nOyGjO2YhCIsImlhdCI6MTcyMzc4MTc5MiwiZXhwIjoxNzIzODY4MTkyfQ.rOVh9tYVsIR5HnaGgOu7Fg4-qXu_KXpo15EoCXAnE3s'),(88,'2027-05-13 13:20:44.515268','eyJhbGciOiJIUzI1NiJ9.eyJjYXRlZ29yeSI6InJlZnJlc2giLCJ1c2VySWQiOjQsInJvbGUiOiJLQUtBTyIsImxvZ2luSWQiOiJLYWthby0zNjU0OTEzNTc1LeyngO2dlCIsImlhdCI6MTcyMzc4MjA0NCwiZXhwIjoxNzIzODY4NDQ0fQ.QrWlC4NOxSzvmLkNiv3DH1Ux9T2_oJRx2d0RwG3PFEQ'),(89,'2027-05-13 13:43:22.043244','eyJhbGciOiJIUzI1NiJ9.eyJjYXRlZ29yeSI6InJlZnJlc2giLCJ1c2VySWQiOjMsInJvbGUiOiJLQUtBTyIsImxvZ2luSWQiOiJLYWthby0zNjUzMTgwNjQwLey1nOyGjO2YhCIsImlhdCI6MTcyMzc4MzQwMiwiZXhwIjoxNzIzODY5ODAyfQ.ijxOxux_lGicxmG6lHY7DoDGMJ-Ir3vaWrvubKxAwSE'),(90,'2027-05-13 13:50:13.122205','eyJhbGciOiJIUzI1NiJ9.eyJjYXRlZ29yeSI6InJlZnJlc2giLCJ1c2VySWQiOjMsInJvbGUiOiJLQUtBTyIsImxvZ2luSWQiOiJLYWthby0zNjUzMTgwNjQwLey1nOyGjO2YhCIsImlhdCI6MTcyMzc4MzgxMywiZXhwIjoxNzIzODcwMjEzfQ.r2euAihQ3V9QBU6jLmmB5VL4EG_zkTH7atUMx2--_Es'),(91,'2027-05-13 13:52:37.805208','eyJhbGciOiJIUzI1NiJ9.eyJjYXRlZ29yeSI6InJlZnJlc2giLCJ1c2VySWQiOjMsInJvbGUiOiJLQUtBTyIsImxvZ2luSWQiOiJLYWthby0zNjUzMTgwNjQwLey1nOyGjO2YhCIsImlhdCI6MTcyMzc4Mzk1NywiZXhwIjoxNzIzODcwMzU3fQ.UgENtPb6OkprhpzHbJtyAt44DOTFjmy7BnzEfAxiq6U'),(92,'2027-05-13 14:00:43.252124','eyJhbGciOiJIUzI1NiJ9.eyJjYXRlZ29yeSI6InJlZnJlc2giLCJ1c2VySWQiOjMsInJvbGUiOiJLQUtBTyIsImxvZ2luSWQiOiJLYWthby0zNjUzMTgwNjQwLey1nOyGjO2YhCIsImlhdCI6MTcyMzc4NDQ0MywiZXhwIjoxNzIzODcwODQzfQ.KL6J1w3ZnMeG5fJ4S6xp1Y1ZuXLgs_w2MEjnDR4Hllk'),(93,'2027-05-13 14:10:36.514223','eyJhbGciOiJIUzI1NiJ9.eyJjYXRlZ29yeSI6InJlZnJlc2giLCJ1c2VySWQiOjMsInJvbGUiOiJLQUtBTyIsImxvZ2luSWQiOiJLYWthby0zNjUzMTgwNjQwLey1nOyGjO2YhCIsImlhdCI6MTcyMzc4NTAzNiwiZXhwIjoxNzIzODcxNDM2fQ.riNVktFD7AMC_ygoTNS_N-CpPPF2QSzfQN_ZEiJwO2I'),(94,'2027-05-13 14:18:09.917742','eyJhbGciOiJIUzI1NiJ9.eyJjYXRlZ29yeSI6InJlZnJlc2giLCJ1c2VySWQiOjMsInJvbGUiOiJLQUtBTyIsImxvZ2luSWQiOiJLYWthby0zNjUzMTgwNjQwLey1nOyGjO2YhCIsImlhdCI6MTcyMzc4NTQ4OSwiZXhwIjoxNzIzODcxODg5fQ.NELA7w18ckGpSq8QUBONGfdv5_B8BTSlo0570qFPPfk'),(95,'2027-05-13 14:28:38.764691','eyJhbGciOiJIUzI1NiJ9.eyJjYXRlZ29yeSI6InJlZnJlc2giLCJ1c2VySWQiOjMsInJvbGUiOiJLQUtBTyIsImxvZ2luSWQiOiJLYWthby0zNjUzMTgwNjQwLey1nOyGjO2YhCIsImlhdCI6MTcyMzc4NjExOCwiZXhwIjoxNzIzODcyNTE4fQ.m6L9tCTN0CVOqwGS-Tk5zYUFI8na9jxsGesXmYZGrNM'),(96,'2027-05-13 14:40:54.771687','eyJhbGciOiJIUzI1NiJ9.eyJjYXRlZ29yeSI6InJlZnJlc2giLCJ1c2VySWQiOjE1LCJyb2xlIjoiS0FLQU8iLCJsb2dpbklkIjoiS2FrYW8tMzY2NjYzNTE5MS3soJXsl6zsp4QiLCJpYXQiOjE3MjM3ODY4NTQsImV4cCI6MTcyMzg3MzI1NH0.HAxyxB_L6Mm8rziI4bTUmfS66FU9tQh3urLH3yeXlHc'),(97,'2027-05-13 14:44:00.647590','eyJhbGciOiJIUzI1NiJ9.eyJjYXRlZ29yeSI6InJlZnJlc2giLCJ1c2VySWQiOjQsInJvbGUiOiJLQUtBTyIsImxvZ2luSWQiOiJLYWthby0zNjU0OTEzNTc1LeyngO2dlCIsImlhdCI6MTcyMzc4NzA0MCwiZXhwIjoxNzIzODczNDQwfQ.u2gVEwebJz6BbAq2yuUM6tYK3BaaV7A4JtTDJAGzUHQ'),(98,'2027-05-13 14:44:22.679433','eyJhbGciOiJIUzI1NiJ9.eyJjYXRlZ29yeSI6InJlZnJlc2giLCJ1c2VySWQiOjMsInJvbGUiOiJLQUtBTyIsImxvZ2luSWQiOiJLYWthby0zNjUzMTgwNjQwLey1nOyGjO2YhCIsImlhdCI6MTcyMzc4NzA2MiwiZXhwIjoxNzIzODczNDYyfQ.e7xVCUl3YLrx9iAWQvZ-H6F3mNo6VTJEqGIYlSOLvHw'),(99,'2027-05-13 14:48:16.039159','eyJhbGciOiJIUzI1NiJ9.eyJjYXRlZ29yeSI6InJlZnJlc2giLCJ1c2VySWQiOjMsInJvbGUiOiJLQUtBTyIsImxvZ2luSWQiOiJLYWthby0zNjUzMTgwNjQwLey1nOyGjO2YhCIsImlhdCI6MTcyMzc4NzI5NiwiZXhwIjoxNzIzODczNjk2fQ.ek5hfJQtFj1KDFY_nsFfVl8cDBRWMwvcdqyM-TREyxw'),(100,'2027-05-13 14:56:44.733550','eyJhbGciOiJIUzI1NiJ9.eyJjYXRlZ29yeSI6InJlZnJlc2giLCJ1c2VySWQiOjMsInJvbGUiOiJLQUtBTyIsImxvZ2luSWQiOiJLYWthby0zNjUzMTgwNjQwLey1nOyGjO2YhCIsImlhdCI6MTcyMzc4NzgwNCwiZXhwIjoxNzIzODc0MjA0fQ.-kh9Si7GAzt2ixmNVE36AvTcBM1gUhvIPsypKuC-ens'),(101,'2027-05-13 15:37:07.689627','eyJhbGciOiJIUzI1NiJ9.eyJjYXRlZ29yeSI6InJlZnJlc2giLCJ1c2VySWQiOjIsInJvbGUiOiJLQUtBTyIsImxvZ2luSWQiOiJLYWthby0zNjU0NDgwODIzLeyjvOyGjOyYgSIsImlhdCI6MTcyMzc5MDIyNywiZXhwIjoxNzIzODc2NjI3fQ.5Fp8nT3rMM0C221MUfvlnXwS1M5Nnb30qqXHrLrCiM0'),(102,'2027-05-13 15:37:27.466319','eyJhbGciOiJIUzI1NiJ9.eyJjYXRlZ29yeSI6InJlZnJlc2giLCJ1c2VySWQiOjQsInJvbGUiOiJLQUtBTyIsImxvZ2luSWQiOiJLYWthby0zNjU0OTEzNTc1LeyngO2dlCIsImlhdCI6MTcyMzc5MDI0NywiZXhwIjoxNzIzODc2NjQ3fQ.h36JfBlgLu8MfaK9ijqgMSZKd4gk9aPcCoCRr7NN4Lc'),(103,'2027-05-13 15:48:25.600601','eyJhbGciOiJIUzI1NiJ9.eyJjYXRlZ29yeSI6InJlZnJlc2giLCJ1c2VySWQiOjQsInJvbGUiOiJLQUtBTyIsImxvZ2luSWQiOiJLYWthby0zNjU0OTEzNTc1LeyngO2dlCIsImlhdCI6MTcyMzc5MDkwNSwiZXhwIjoxNzIzODc3MzA1fQ.leVh_ILwW44ULJQTbIEBufGIwW9H9PbVJkX3Yqpy220'),(104,'2027-05-13 16:24:26.107623','eyJhbGciOiJIUzI1NiJ9.eyJjYXRlZ29yeSI6InJlZnJlc2giLCJ1c2VySWQiOjQsInJvbGUiOiJLQUtBTyIsImxvZ2luSWQiOiJLYWthby0zNjU0OTEzNTc1LeyngO2dlCIsImlhdCI6MTcyMzc5MzA2NiwiZXhwIjoxNzIzODc5NDY2fQ.Y6JPfFkP72lCBF92Dbrprd6fPDMSCqTytF3h1vcND2o'),(105,'2027-05-13 16:43:56.805814','eyJhbGciOiJIUzI1NiJ9.eyJjYXRlZ29yeSI6InJlZnJlc2giLCJ1c2VySWQiOjEsInJvbGUiOiJLQUtBTyIsImxvZ2luSWQiOiJLYWthby0zNjU1ODU1NDE3Leq5gOyEoOybhSIsImlhdCI6MTcyMzc5NDIzNiwiZXhwIjoxNzIzODgwNjM2fQ.QGisxAR7se9okZ2jhDB8C_XeOTVGaoJApgFL2ZF38Pw'),(106,'2027-05-13 16:50:55.673081','eyJhbGciOiJIUzI1NiJ9.eyJjYXRlZ29yeSI6InJlZnJlc2giLCJ1c2VySWQiOjIsInJvbGUiOiJLQUtBTyIsImxvZ2luSWQiOiJLYWthby0zNjU0NDgwODIzLeyjvOyGjOyYgSIsImlhdCI6MTcyMzc5NDY1NSwiZXhwIjoxNzIzODgxMDU1fQ.DCq4HRSOYgabarghRPEiiFUMzZHinAcW1CSR1rFt50Q'),(107,'2027-05-13 17:08:27.642979','eyJhbGciOiJIUzI1NiJ9.eyJjYXRlZ29yeSI6InJlZnJlc2giLCJ1c2VySWQiOjYsInJvbGUiOiJLQUtBTyIsImxvZ2luSWQiOiJLYWthby0zNjQ5NDk1NTY0Le2Zqeygle2YhCIsImlhdCI6MTcyMzc5NTcwNywiZXhwIjoxNzIzODgyMTA3fQ.Ryv2s56p6bowA5KPG4Y0sPUm1gELRQRUWyfCl0m8UzM'),(108,'2027-05-13 17:09:54.227868','eyJhbGciOiJIUzI1NiJ9.eyJjYXRlZ29yeSI6InJlZnJlc2giLCJ1c2VySWQiOjMsInJvbGUiOiJLQUtBTyIsImxvZ2luSWQiOiJLYWthby0zNjUzMTgwNjQwLey1nOyGjO2YhCIsImlhdCI6MTcyMzc5NTc5NCwiZXhwIjoxNzIzODgyMTk0fQ.j5GP9e8VuSCLBHbr6Cg4zkEcpLO5ZXnhyfj-_rzsVhc'),(110,'2027-05-13 17:29:04.690034','eyJhbGciOiJIUzI1NiJ9.eyJjYXRlZ29yeSI6InJlZnJlc2giLCJ1c2VySWQiOjcsInJvbGUiOiJLQUtBTyIsImxvZ2luSWQiOiJLYWthby0zNjY1NjYyNTg3LeyYpO2YhOynhCIsImlhdCI6MTcyMzc5Njk0NCwiZXhwIjoxNzIzODgzMzQ0fQ.X71PuNPw1lbCc2XgQogesO7pw3YF2Y87xqKXJGPbD8E'),(111,'2027-05-13 17:29:07.513228','eyJhbGciOiJIUzI1NiJ9.eyJjYXRlZ29yeSI6InJlZnJlc2giLCJ1c2VySWQiOjcsInJvbGUiOiJLQUtBTyIsImxvZ2luSWQiOiJLYWthby0zNjY1NjYyNTg3LeyYpO2YhOynhCIsImlhdCI6MTcyMzc5Njk0NywiZXhwIjoxNzIzODgzMzQ3fQ.9yfepMB3dZRzyB5bhHGB2iriIZevx_yArPEfcIV47yQ'),(112,'2027-05-13 17:40:00.997452','eyJhbGciOiJIUzI1NiJ9.eyJjYXRlZ29yeSI6InJlZnJlc2giLCJ1c2VySWQiOjEsInJvbGUiOiJLQUtBTyIsImxvZ2luSWQiOiJLYWthby0zNjU1ODU1NDE3Leq5gOyEoOybhSIsImlhdCI6MTcyMzc5NzYwMCwiZXhwIjoxNzIzODg0MDAwfQ.oM8D_pOsBhWzWiXoubktvDba2lgELlO7OT6OJuT3GSw'),(113,'2027-05-13 19:59:23.618088','eyJhbGciOiJIUzI1NiJ9.eyJjYXRlZ29yeSI6InJlZnJlc2giLCJ1c2VySWQiOjEsInJvbGUiOiJLQUtBTyIsImxvZ2luSWQiOiJLYWthby0zNjU1ODU1NDE3Leq5gOyEoOybhSIsImlhdCI6MTcyMzgwNTk2MywiZXhwIjoxNzIzODkyMzYzfQ.DICxEoHhk2_2eB2j95_NslVu8NV8cF-kbMtEJFSokYA'),(114,'2027-05-13 20:53:07.533291','eyJhbGciOiJIUzI1NiJ9.eyJjYXRlZ29yeSI6InJlZnJlc2giLCJ1c2VySWQiOjIsInJvbGUiOiJLQUtBTyIsImxvZ2luSWQiOiJLYWthby0zNjU0NDgwODIzLeyjvOyGjOyYgSIsImlhdCI6MTcyMzgwOTE4NywiZXhwIjoxNzIzODk1NTg3fQ.8RIJt7U14bg8J8wB6_oK-9CY4spNXnC94cS_1R6uWoo'),(115,'2027-05-13 20:54:25.723292','eyJhbGciOiJIUzI1NiJ9.eyJjYXRlZ29yeSI6InJlZnJlc2giLCJ1c2VySWQiOjIsInJvbGUiOiJLQUtBTyIsImxvZ2luSWQiOiJLYWthby0zNjU0NDgwODIzLeyjvOyGjOyYgSIsImlhdCI6MTcyMzgwOTI2NSwiZXhwIjoxNzIzODk1NjY1fQ.aMz_H76rR1hditcdL7axzif3x1rG_gdVNx9O-5NceyA'),(116,'2027-05-13 21:39:55.456738','eyJhbGciOiJIUzI1NiJ9.eyJjYXRlZ29yeSI6InJlZnJlc2giLCJ1c2VySWQiOjIsInJvbGUiOiJLQUtBTyIsImxvZ2luSWQiOiJLYWthby0zNjU0NDgwODIzLeyjvOyGjOyYgSIsImlhdCI6MTcyMzgxMTk5NSwiZXhwIjoxNzIzODk4Mzk1fQ.ZJXTeP1mu_rr2nqaY3YlQU9EMnMsPLcsq1jDbU2mGlQ'),(119,'2027-05-13 22:28:17.189466','eyJhbGciOiJIUzI1NiJ9.eyJjYXRlZ29yeSI6InJlZnJlc2giLCJ1c2VySWQiOjUsInJvbGUiOiJLQUtBTyIsImxvZ2luSWQiOiJLYWthby0zNjUzMTk2NjM3LeuwleuPme2ZmCIsImlhdCI6MTcyMzgxNDg5NywiZXhwIjoxNzIzOTAxMjk3fQ.0xjj40fN7zCvLsc83s31Nqh7feXG6L8cEKUfCoZKdGE'),(122,'2027-05-14 08:11:57.944113','eyJhbGciOiJIUzI1NiJ9.eyJjYXRlZ29yeSI6InJlZnJlc2giLCJ1c2VySWQiOjUsInJvbGUiOiJLQUtBTyIsImxvZ2luSWQiOiJLYWthby0zNjUzMTk2NjM3LeuwleuPme2ZmCIsImlhdCI6MTcyMzg0OTkxNywiZXhwIjoxNzIzOTM2MzE3fQ.3Uj26CWff1Uvquukkq8VzmG11npYGJOoEQI69-lKfp8'),(123,'2027-05-14 08:12:29.674179','eyJhbGciOiJIUzI1NiJ9.eyJjYXRlZ29yeSI6InJlZnJlc2giLCJ1c2VySWQiOjUsInJvbGUiOiJLQUtBTyIsImxvZ2luSWQiOiJLYWthby0zNjUzMTk2NjM3LeuwleuPme2ZmCIsImlhdCI6MTcyMzg0OTk0OSwiZXhwIjoxNzIzOTM2MzQ5fQ.ccHbu_AxNPj5f9OPNUiAPy0hICqRUEfVymUDfq__vhI'),(125,'2027-05-14 12:09:23.834613','eyJhbGciOiJIUzI1NiJ9.eyJjYXRlZ29yeSI6InJlZnJlc2giLCJ1c2VySWQiOjEsInJvbGUiOiJLQUtBTyIsImxvZ2luSWQiOiJLYWthby0zNjU1ODU1NDE3Leq5gOyEoOybhSIsImlhdCI6MTcyMzg2NDE2MywiZXhwIjoxNzIzOTUwNTYzfQ.io8YkvnRiF2_0t9pvSaHhCg6U19Y_Q-49lp9eIUH3Pw'),(126,'2027-05-14 12:09:25.395454','eyJhbGciOiJIUzI1NiJ9.eyJjYXRlZ29yeSI6InJlZnJlc2giLCJ1c2VySWQiOjEsInJvbGUiOiJLQUtBTyIsImxvZ2luSWQiOiJLYWthby0zNjU1ODU1NDE3Leq5gOyEoOybhSIsImlhdCI6MTcyMzg2NDE2NSwiZXhwIjoxNzIzOTUwNTY1fQ.SO6quUs-ArJ5L2EdBsd7Aw3l5vdJ94spU2AfoHxhGIE'),(127,'2027-05-14 12:14:41.390976','eyJhbGciOiJIUzI1NiJ9.eyJjYXRlZ29yeSI6InJlZnJlc2giLCJ1c2VySWQiOjUsInJvbGUiOiJLQUtBTyIsImxvZ2luSWQiOiJLYWthby0zNjUzMTk2NjM3LeuwleuPme2ZmCIsImlhdCI6MTcyMzg2NDQ4MSwiZXhwIjoxNzIzOTUwODgxfQ.zc3Y2neqvVl3wTO_PHGidUDXorbAewvXmIWy2-SC_ZA'),(128,'2027-05-14 13:19:48.807335','eyJhbGciOiJIUzI1NiJ9.eyJjYXRlZ29yeSI6InJlZnJlc2giLCJ1c2VySWQiOjQsInJvbGUiOiJLQUtBTyIsImxvZ2luSWQiOiJLYWthby0zNjU0OTEzNTc1LeyngO2dlCIsImlhdCI6MTcyMzg2ODM4OCwiZXhwIjoxNzIzOTU0Nzg4fQ.k0qMDHQHsd62zMKsHqFWNUh1KAqfjNdx0b_sNRndfD4'),(129,'2027-05-14 14:41:39.398310','eyJhbGciOiJIUzI1NiJ9.eyJjYXRlZ29yeSI6InJlZnJlc2giLCJ1c2VySWQiOjEwLCJyb2xlIjoiS0FLQU8iLCJsb2dpbklkIjoiS2FrYW8tMzY1ODg3NDU1Ny3rj5nsqr3tlZjripjrrLTsp4DqsJwiLCJpYXQiOjE3MjM4NzMyOTksImV4cCI6MTcyMzk1OTY5OX0.FviCgxgb4PrXUOWsBrOWTcWtO53fkUzqopy3LjgQLI4'),(130,'2027-05-14 14:48:53.775559','eyJhbGciOiJIUzI1NiJ9.eyJjYXRlZ29yeSI6InJlZnJlc2giLCJ1c2VySWQiOjEwLCJyb2xlIjoiS0FLQU8iLCJsb2dpbklkIjoiS2FrYW8tMzY1ODg3NDU1Ny3rj5nsqr3tlZjripjrrLTsp4DqsJwiLCJpYXQiOjE3MjM4NzM3MzMsImV4cCI6MTcyMzk2MDEzM30.QLAOpjpFOxO1rTTOegvDmaBHzcbAZNBRr-oZcg75_dM'),(131,'2027-05-14 15:16:32.958769','eyJhbGciOiJIUzI1NiJ9.eyJjYXRlZ29yeSI6InJlZnJlc2giLCJ1c2VySWQiOjUsInJvbGUiOiJLQUtBTyIsImxvZ2luSWQiOiJLYWthby0zNjUzMTk2NjM3LeuwleuPme2ZmCIsImlhdCI6MTcyMzg3NTM5MiwiZXhwIjoxNzIzOTYxNzkyfQ.B07fDaPHOoQsySRkQGbw4eEiPpEZOb-QUIKsmfjx-fo'),(132,'2027-05-14 15:29:59.736150','eyJhbGciOiJIUzI1NiJ9.eyJjYXRlZ29yeSI6InJlZnJlc2giLCJ1c2VySWQiOjMsInJvbGUiOiJLQUtBTyIsImxvZ2luSWQiOiJLYWthby0zNjUzMTgwNjQwLey1nOyGjO2YhCIsImlhdCI6MTcyMzg3NjE5OSwiZXhwIjoxNzIzOTYyNTk5fQ.hP-SL1UpDP_H0rEkApvwJRp5_KZq3UTyETa0AcEqrUY'),(133,'2027-05-14 15:30:03.809551','eyJhbGciOiJIUzI1NiJ9.eyJjYXRlZ29yeSI6InJlZnJlc2giLCJ1c2VySWQiOjMsInJvbGUiOiJLQUtBTyIsImxvZ2luSWQiOiJLYWthby0zNjUzMTgwNjQwLey1nOyGjO2YhCIsImlhdCI6MTcyMzg3NjIwMywiZXhwIjoxNzIzOTYyNjAzfQ.bZVoL8c8Fbw-foj9yVzEWvdioAd60kPvMpBieBv0U0k'),(134,'2027-05-14 17:51:30.666561','eyJhbGciOiJIUzI1NiJ9.eyJjYXRlZ29yeSI6InJlZnJlc2giLCJ1c2VySWQiOjIsInJvbGUiOiJLQUtBTyIsImxvZ2luSWQiOiJLYWthby0zNjU0NDgwODIzLeyjvOyGjOyYgSIsImlhdCI6MTcyMzg4NDY5MCwiZXhwIjoxNzIzOTcxMDkwfQ.l18e425CmS1zf2Fp72GPh9S-Is9LDHU2ghbq2xMNo_A'),(135,'2027-05-14 18:38:34.991938','eyJhbGciOiJIUzI1NiJ9.eyJjYXRlZ29yeSI6InJlZnJlc2giLCJ1c2VySWQiOjExLCJyb2xlIjoiS0FLQU8iLCJsb2dpbklkIjoiS2FrYW8tMzY2NTk0OTU4MC3tjJTsg4nsobDshLHtnawiLCJpYXQiOjE3MjM4ODc1MTQsImV4cCI6MTcyMzk3MzkxNH0.fwdmi2R3PjtgAiEsjM-nPOeoLlCWzBQAu14s0j39H9g'),(136,'2027-05-14 18:40:11.463118','eyJhbGciOiJIUzI1NiJ9.eyJjYXRlZ29yeSI6InJlZnJlc2giLCJ1c2VySWQiOjE0LCJyb2xlIjoiS0FLQU8iLCJsb2dpbklkIjoiS2FrYW8tMzY2NjM2MDcyMy3tlqXquLAiLCJpYXQiOjE3MjM4ODc2MTEsImV4cCI6MTcyMzk3NDAxMX0.qA1as58oBzg-0fj01Z1XnLXJsH-3Wiu7FAKitT7UrdM'),(137,'2027-05-14 18:41:53.968557','eyJhbGciOiJIUzI1NiJ9.eyJjYXRlZ29yeSI6InJlZnJlc2giLCJ1c2VySWQiOjE0LCJyb2xlIjoiS0FLQU8iLCJsb2dpbklkIjoiS2FrYW8tMzY2NjM2MDcyMy3tlqXquLAiLCJpYXQiOjE3MjM4ODc3MTMsImV4cCI6MTcyMzk3NDExM30.tHdALFmYWj3WqEzVvMRRsCOX9pzDj4aFzRLUVKxstMs'),(138,'2027-05-14 18:43:28.470493','eyJhbGciOiJIUzI1NiJ9.eyJjYXRlZ29yeSI6InJlZnJlc2giLCJ1c2VySWQiOjE0LCJyb2xlIjoiS0FLQU8iLCJsb2dpbklkIjoiS2FrYW8tMzY2NjM2MDcyMy3tlqXquLAiLCJpYXQiOjE3MjM4ODc4MDgsImV4cCI6MTcyMzk3NDIwOH0.r9wbZUzk8-fp6y0Uedr-QGs6NFK6SVCdIU_HRAd3ZB8'),(140,'2027-05-14 23:42:57.314833','eyJhbGciOiJIUzI1NiJ9.eyJjYXRlZ29yeSI6InJlZnJlc2giLCJ1c2VySWQiOjIsInJvbGUiOiJLQUtBTyIsImxvZ2luSWQiOiJLYWthby0zNjU0NDgwODIzLeyjvOyGjOyYgSIsImlhdCI6MTcyMzkwNTc3NywiZXhwIjoxNzIzOTkyMTc3fQ.362cMDfq5aSH1gU_ennOltv6UI41FHRKAUBoQtv5mXM'),(141,'2027-05-14 23:43:43.139015','eyJhbGciOiJIUzI1NiJ9.eyJjYXRlZ29yeSI6InJlZnJlc2giLCJ1c2VySWQiOjYsInJvbGUiOiJLQUtBTyIsImxvZ2luSWQiOiJLYWthby0zNjQ5NDk1NTY0Le2Zqeygle2YhCIsImlhdCI6MTcyMzkwNTgyMywiZXhwIjoxNzIzOTkyMjIzfQ.cfpUzZk2QdlyMaqlT9By_G2v6e8aKqO2HoMMgx9ljrI'),(144,'2027-05-15 11:23:02.394872','eyJhbGciOiJIUzI1NiJ9.eyJjYXRlZ29yeSI6InJlZnJlc2giLCJ1c2VySWQiOjMsInJvbGUiOiJLQUtBTyIsImxvZ2luSWQiOiJLYWthby0zNjUzMTgwNjQwLey1nOyGjO2YhCIsImlhdCI6MTcyMzk0Nzc4MiwiZXhwIjoxNzI0MDM0MTgyfQ.8Own6UkNeYw3BW4GYwozSFeYkLmH4EcMuntUAQPtuTQ'),(145,'2027-05-15 11:23:03.962884','eyJhbGciOiJIUzI1NiJ9.eyJjYXRlZ29yeSI6InJlZnJlc2giLCJ1c2VySWQiOjMsInJvbGUiOiJLQUtBTyIsImxvZ2luSWQiOiJLYWthby0zNjUzMTgwNjQwLey1nOyGjO2YhCIsImlhdCI6MTcyMzk0Nzc4MywiZXhwIjoxNzI0MDM0MTgzfQ.wJ7RW4HVzFwDp_rEvAzU4uvnzpjf3k8Y394nfg9_l0w'),(146,'2027-05-15 12:50:03.081677','eyJhbGciOiJIUzI1NiJ9.eyJjYXRlZ29yeSI6InJlZnJlc2giLCJ1c2VySWQiOjMsInJvbGUiOiJLQUtBTyIsImxvZ2luSWQiOiJLYWthby0zNjUzMTgwNjQwLey1nOyGjO2YhCIsImlhdCI6MTcyMzk1MzAwMywiZXhwIjoxNzI0MDM5NDAzfQ.NlJK5azGoOQPIie6Umqzli-4CGpuKUVZ8vGtXiqUa_Q'),(147,'2027-05-15 12:56:09.631449','eyJhbGciOiJIUzI1NiJ9.eyJjYXRlZ29yeSI6InJlZnJlc2giLCJ1c2VySWQiOjMsInJvbGUiOiJLQUtBTyIsImxvZ2luSWQiOiJLYWthby0zNjUzMTgwNjQwLey1nOyGjO2YhCIsImlhdCI6MTcyMzk1MzM2OSwiZXhwIjoxNzI0MDM5NzY5fQ.gKUZr9_yP_nghX24Vt9dPeVrYg9J6h_gwZeidL9HXh0'),(148,'2027-05-15 13:34:10.001312','eyJhbGciOiJIUzI1NiJ9.eyJjYXRlZ29yeSI6InJlZnJlc2giLCJ1c2VySWQiOjEsInJvbGUiOiJLQUtBTyIsImxvZ2luSWQiOiJLYWthby0zNjU1ODU1NDE3Leq5gOyEoOybhSIsImlhdCI6MTcyMzk1NTY1MCwiZXhwIjoxNzI0MDQyMDUwfQ.Psm2mM0m53s7P4uPVQcuY6J8wITEA8hF_g1amxE6GpI'),(149,'2027-05-15 13:44:37.897816','eyJhbGciOiJIUzI1NiJ9.eyJjYXRlZ29yeSI6InJlZnJlc2giLCJ1c2VySWQiOjUsInJvbGUiOiJLQUtBTyIsImxvZ2luSWQiOiJLYWthby0zNjUzMTk2NjM3LeuwleuPme2ZmCIsImlhdCI6MTcyMzk1NjI3NywiZXhwIjoxNzI0MDQyNjc3fQ.SuSr5gWYALn8mi3ruBmbhW8bP9g52f8S2uLsauMO40w'),(150,'2027-05-15 13:46:38.081719','eyJhbGciOiJIUzI1NiJ9.eyJjYXRlZ29yeSI6InJlZnJlc2giLCJ1c2VySWQiOjIsInJvbGUiOiJLQUtBTyIsImxvZ2luSWQiOiJLYWthby0zNjU0NDgwODIzLeyjvOyGjOyYgSIsImlhdCI6MTcyMzk1NjM5OCwiZXhwIjoxNzI0MDQyNzk4fQ.wQtVXINOIlgxVd3u7rcrCs_19QxrJrfltjtkYb042xc'),(151,'2027-05-15 13:46:47.234509','eyJhbGciOiJIUzI1NiJ9.eyJjYXRlZ29yeSI6InJlZnJlc2giLCJ1c2VySWQiOjIsInJvbGUiOiJLQUtBTyIsImxvZ2luSWQiOiJLYWthby0zNjU0NDgwODIzLeyjvOyGjOyYgSIsImlhdCI6MTcyMzk1NjQwNywiZXhwIjoxNzI0MDQyODA3fQ.i8STpzPBemzlv3chQuOOVt-hj7EVo-zdQTrqIDIWd5Q'),(152,'2027-05-15 13:47:59.887993','eyJhbGciOiJIUzI1NiJ9.eyJjYXRlZ29yeSI6InJlZnJlc2giLCJ1c2VySWQiOjYsInJvbGUiOiJLQUtBTyIsImxvZ2luSWQiOiJLYWthby0zNjQ5NDk1NTY0Le2Zqeygle2YhCIsImlhdCI6MTcyMzk1NjQ3OSwiZXhwIjoxNzI0MDQyODc5fQ.LbwEHPZw32YEdvCctHj-veCtyc3xfeW5ReBXo6h51Gs'),(153,'2027-05-15 13:48:07.363467','eyJhbGciOiJIUzI1NiJ9.eyJjYXRlZ29yeSI6InJlZnJlc2giLCJ1c2VySWQiOjYsInJvbGUiOiJLQUtBTyIsImxvZ2luSWQiOiJLYWthby0zNjQ5NDk1NTY0Le2Zqeygle2YhCIsImlhdCI6MTcyMzk1NjQ4NywiZXhwIjoxNzI0MDQyODg3fQ.hx-OoT3cqcmnoKyeh5gmHhLSA0Ljm0ONrlPQV2Zpj08'),(154,'2027-05-15 13:53:05.382433','eyJhbGciOiJIUzI1NiJ9.eyJjYXRlZ29yeSI6InJlZnJlc2giLCJ1c2VySWQiOjIsInJvbGUiOiJLQUtBTyIsImxvZ2luSWQiOiJLYWthby0zNjU0NDgwODIzLeyjvOyGjOyYgSIsImlhdCI6MTcyMzk1Njc4NSwiZXhwIjoxNzI0MDQzMTg1fQ.1KfIHdgOIJg8ksIxb62Yn0OzQdHLGOz1zMh6VelwkLo'),(155,'2027-05-15 14:13:33.391604','eyJhbGciOiJIUzI1NiJ9.eyJjYXRlZ29yeSI6InJlZnJlc2giLCJ1c2VySWQiOjIsInJvbGUiOiJLQUtBTyIsImxvZ2luSWQiOiJLYWthby0zNjU0NDgwODIzLeyjvOyGjOyYgSIsImlhdCI6MTcyMzk1ODAxMywiZXhwIjoxNzI0MDQ0NDEzfQ.pEjZT0dT4osqHcJ8YGDkNUD-er_-n9XKxYy7K2YXnas'),(156,'2027-05-15 14:16:01.137105','eyJhbGciOiJIUzI1NiJ9.eyJjYXRlZ29yeSI6InJlZnJlc2giLCJ1c2VySWQiOjIsInJvbGUiOiJLQUtBTyIsImxvZ2luSWQiOiJLYWthby0zNjU0NDgwODIzLeyjvOyGjOyYgSIsImlhdCI6MTcyMzk1ODE2MSwiZXhwIjoxNzI0MDQ0NTYxfQ.HQuBQLjyPewG22FYnC6rii7R-l1ATfcSMCHHYEdkP2A'),(157,'2027-05-15 14:31:50.229764','eyJhbGciOiJIUzI1NiJ9.eyJjYXRlZ29yeSI6InJlZnJlc2giLCJ1c2VySWQiOjE4LCJyb2xlIjoiS0FLQU8iLCJsb2dpbklkIjoiS2FrYW8tMzY2OTA2ODI4MS3snKDsiJjsp4QiLCJpYXQiOjE3MjM5NTkxMTAsImV4cCI6MTcyNDA0NTUxMH0.sxbOcTk3NcNIb14lZ2EFB2RChvZWCJIv3_wMH3ZfeAM'),(158,'2027-05-15 14:39:39.947372','eyJhbGciOiJIUzI1NiJ9.eyJjYXRlZ29yeSI6InJlZnJlc2giLCJ1c2VySWQiOjE5LCJyb2xlIjoiS0FLQU8iLCJsb2dpbklkIjoiS2FrYW8tMzY2OTA3ODE0MC3quYDso7zsmIEiLCJpYXQiOjE3MjM5NTk1NzksImV4cCI6MTcyNDA0NTk3OX0.5uDCz3MGHpKSNFc9fCQxtZaOaeeEBF-oTbX-HzCy7ME'),(159,'2027-05-15 14:40:04.237816','eyJhbGciOiJIUzI1NiJ9.eyJjYXRlZ29yeSI6InJlZnJlc2giLCJ1c2VySWQiOjMsInJvbGUiOiJLQUtBTyIsImxvZ2luSWQiOiJLYWthby0zNjUzMTgwNjQwLey1nOyGjO2YhCIsImlhdCI6MTcyMzk1OTYwNCwiZXhwIjoxNzI0MDQ2MDA0fQ.gL7mt_3mo3vEu4k-HUepsUrdsvT65TxbmvU68iUYjiA'),(160,'2027-05-15 14:42:34.696522','eyJhbGciOiJIUzI1NiJ9.eyJjYXRlZ29yeSI6InJlZnJlc2giLCJ1c2VySWQiOjE4LCJyb2xlIjoiS0FLQU8iLCJsb2dpbklkIjoiS2FrYW8tMzY2OTA2ODI4MS3snKDsiJjsp4QiLCJpYXQiOjE3MjM5NTk3NTQsImV4cCI6MTcyNDA0NjE1NH0.NYf_qFXOeHTHpcMiiurR4v0YcznHBki-hs9GTIo93xw'),(161,'2027-05-15 14:45:40.561194','eyJhbGciOiJIUzI1NiJ9.eyJjYXRlZ29yeSI6InJlZnJlc2giLCJ1c2VySWQiOjE4LCJyb2xlIjoiS0FLQU8iLCJsb2dpbklkIjoiS2FrYW8tMzY2OTA2ODI4MS3snKDsiJjsp4QiLCJpYXQiOjE3MjM5NTk5NDAsImV4cCI6MTcyNDA0NjM0MH0.5tUH82GKnkV9WRxFYdp0tfkiB7yrBzwJHl_If6WraOs'),(162,'2027-05-15 15:03:41.383758','eyJhbGciOiJIUzI1NiJ9.eyJjYXRlZ29yeSI6InJlZnJlc2giLCJ1c2VySWQiOjYsInJvbGUiOiJLQUtBTyIsImxvZ2luSWQiOiJLYWthby0zNjQ5NDk1NTY0Le2Zqeygle2YhCIsImlhdCI6MTcyMzk2MTAyMSwiZXhwIjoxNzI0MDQ3NDIxfQ.o_dHFMZlSc0fYmZdEVa8W3RoxkIl7e7K-p0Hj46EQ6E'),(163,'2027-05-15 15:04:02.339874','eyJhbGciOiJIUzI1NiJ9.eyJjYXRlZ29yeSI6InJlZnJlc2giLCJ1c2VySWQiOjYsInJvbGUiOiJLQUtBTyIsImxvZ2luSWQiOiJLYWthby0zNjQ5NDk1NTY0Le2Zqeygle2YhCIsImlhdCI6MTcyMzk2MTA0MiwiZXhwIjoxNzI0MDQ3NDQyfQ.cQ-RWdInZEYfIDSMxtqHIuDstFt13hsxJMUUMDpPN5Y'),(164,'2027-05-15 15:04:47.495722','eyJhbGciOiJIUzI1NiJ9.eyJjYXRlZ29yeSI6InJlZnJlc2giLCJ1c2VySWQiOjYsInJvbGUiOiJLQUtBTyIsImxvZ2luSWQiOiJLYWthby0zNjQ5NDk1NTY0Le2Zqeygle2YhCIsImlhdCI6MTcyMzk2MTA4NywiZXhwIjoxNzI0MDQ3NDg3fQ.T4V0uC-yfEuX23284e6pONRZHT91OTg8hVmuEiCYUHg'),(165,'2027-05-15 15:10:34.368114','eyJhbGciOiJIUzI1NiJ9.eyJjYXRlZ29yeSI6InJlZnJlc2giLCJ1c2VySWQiOjMsInJvbGUiOiJLQUtBTyIsImxvZ2luSWQiOiJLYWthby0zNjUzMTgwNjQwLey1nOyGjO2YhCIsImlhdCI6MTcyMzk2MTQzNCwiZXhwIjoxNzI0MDQ3ODM0fQ.NSiluRHJqHkbEja6py90YSWMHqVkWGvOON870hLHQWw'),(166,'2027-05-15 15:19:57.729370','eyJhbGciOiJIUzI1NiJ9.eyJjYXRlZ29yeSI6InJlZnJlc2giLCJ1c2VySWQiOjMsInJvbGUiOiJLQUtBTyIsImxvZ2luSWQiOiJLYWthby0zNjUzMTgwNjQwLey1nOyGjO2YhCIsImlhdCI6MTcyMzk2MTk5NywiZXhwIjoxNzI0MDQ4Mzk3fQ.kkf04nvYV4PZwlWgw6ypUjfDJjsQYPXNkafok3gqwZ0'),(167,'2027-05-15 15:31:59.858883','eyJhbGciOiJIUzI1NiJ9.eyJjYXRlZ29yeSI6InJlZnJlc2giLCJ1c2VySWQiOjMsInJvbGUiOiJLQUtBTyIsImxvZ2luSWQiOiJLYWthby0zNjUzMTgwNjQwLey1nOyGjO2YhCIsImlhdCI6MTcyMzk2MjcxOSwiZXhwIjoxNzI0MDQ5MTE5fQ.rTSWI9voNTyS2MR3nxxUpHZq58FHcy63P9no5xQAUI0'),(168,'2027-05-15 16:08:17.408534','eyJhbGciOiJIUzI1NiJ9.eyJjYXRlZ29yeSI6InJlZnJlc2giLCJ1c2VySWQiOjUsInJvbGUiOiJLQUtBTyIsImxvZ2luSWQiOiJLYWthby0zNjUzMTk2NjM3LeuwleuPme2ZmCIsImlhdCI6MTcyMzk2NDg5NywiZXhwIjoxNzI0MDUxMjk3fQ.S10Y0fvrUBksWivB9lEm1lL0-i8gqLkGalldW4u5qf0');
/*!40000 ALTER TABLE `refresh` ENABLE KEYS */;
UNLOCK TABLES;

--
-- Table structure for table `room`
--

DROP TABLE IF EXISTS `room`;
/*!40101 SET @saved_cs_client     = @@character_set_client */;
/*!50503 SET character_set_client = utf8mb4 */;
CREATE TABLE `room` (
  `room_id` int NOT NULL AUTO_INCREMENT,
  `create_at` datetime(6) NOT NULL,
  `notice` varchar(255) DEFAULT NULL,
  `room_name` varchar(100) NOT NULL,
  `room_participate_password` varchar(255) NOT NULL,
  `use_yn` bit(1) NOT NULL,
  PRIMARY KEY (`room_id`)
) ENGINE=InnoDB AUTO_INCREMENT=12 DEFAULT CHARSET=utf8mb4 COLLATE=utf8mb4_0900_ai_ci;
/*!40101 SET character_set_client = @saved_cs_client */;

--
-- Dumping data for table `room`
--

LOCK TABLES `room` WRITE;
/*!40000 ALTER TABLE `room` DISABLE KEYS */;
INSERT INTO `room` VALUES (1,'2024-08-15 18:58:19.121496','수협은행 쓰는사람 누구야! \n- 히히 내가누구게','동행방','123456',_binary ''),(2,'2024-08-15 19:16:47.448625','두둥두두두두둥','현진드루와','2',_binary ''),(3,'2024-08-15 19:42:39.929055','','테스트','123123',_binary ''),(4,'2024-08-15 20:09:41.175913','하이룽','짱구네','950108',_binary ''),(5,'2024-08-15 23:18:25.795971','꼬치집으로 모여라!!!','가족방','3124',_binary ''),(6,'2024-08-16 11:16:37.828606','공지바꿈꿈','우리가족','123456',_binary ''),(7,'2024-08-16 12:11:23.660174','','3124','3124',_binary ''),(8,'2024-08-18 13:36:58.406798','','몹코공','123456',_binary '\0'),(9,'2024-08-18 14:14:34.146972','','민초','123456',_binary ''),(10,'2024-08-18 14:33:03.261700','9월 엄마와 경주 가고싶다','향득경진방','happy_noopy',_binary ''),(11,'2024-08-18 14:40:43.283174','Q3.친구 계정만 보이게 하는 법','몹코공','123456',_binary '');
/*!40000 ALTER TABLE `room` ENABLE KEYS */;
UNLOCK TABLES;

--
-- Table structure for table `success_token`
--

DROP TABLE IF EXISTS `success_token`;
/*!40101 SET @saved_cs_client     = @@character_set_client */;
/*!50503 SET character_set_client = utf8mb4 */;
CREATE TABLE `success_token` (
  `success_token_id` int NOT NULL AUTO_INCREMENT,
  `create_at` datetime(6) NOT NULL,
  `expired_at` datetime(6) NOT NULL,
  `tel` varchar(11) NOT NULL,
  `token` varchar(32) NOT NULL,
  PRIMARY KEY (`success_token_id`),
  UNIQUE KEY `UKf7120h82ricd9k0y830qe2u58` (`tel`)
) ENGINE=InnoDB AUTO_INCREMENT=5 DEFAULT CHARSET=utf8mb4 COLLATE=utf8mb4_0900_ai_ci;
/*!40101 SET character_set_client = @saved_cs_client */;

--
-- Dumping data for table `success_token`
--

LOCK TABLES `success_token` WRITE;
/*!40000 ALTER TABLE `success_token` DISABLE KEYS */;
/*!40000 ALTER TABLE `success_token` ENABLE KEYS */;
UNLOCK TABLES;

--
-- Table structure for table `tel_auth_num`
--

DROP TABLE IF EXISTS `tel_auth_num`;
/*!40101 SET @saved_cs_client     = @@character_set_client */;
/*!50503 SET character_set_client = utf8mb4 */;
CREATE TABLE `tel_auth_num` (
  `auth_num_id` int NOT NULL AUTO_INCREMENT,
  `auth_num` varchar(6) NOT NULL,
  `expired_at` datetime(6) NOT NULL,
  `tel` varchar(11) NOT NULL,
  PRIMARY KEY (`auth_num_id`),
  UNIQUE KEY `UKph96hkfa8mads0euopj6c9km6` (`tel`)
) ENGINE=InnoDB AUTO_INCREMENT=17 DEFAULT CHARSET=utf8mb4 COLLATE=utf8mb4_0900_ai_ci;
/*!40101 SET character_set_client = @saved_cs_client */;

--
-- Dumping data for table `tel_auth_num`
--

LOCK TABLES `tel_auth_num` WRITE;
/*!40000 ALTER TABLE `tel_auth_num` DISABLE KEYS */;
INSERT INTO `tel_auth_num` VALUES (1,'828264','2024-08-15 19:17:37.978330','01032035460'),(5,'824068','2024-08-15 23:30:41.797475','01074544231'),(6,'109101','2024-08-16 05:48:02.254589','01012345568'),(8,'776775','2024-08-16 07:06:44.140068','01042121037'),(14,'494550','2024-08-18 14:31:40.688161','01082331677'),(16,'979212','2024-08-18 15:26:13.338836','01059363877');
/*!40000 ALTER TABLE `tel_auth_num` ENABLE KEYS */;
UNLOCK TABLES;

--
-- Table structure for table `user`
--

DROP TABLE IF EXISTS `user`;
/*!40101 SET @saved_cs_client     = @@character_set_client */;
/*!50503 SET character_set_client = utf8mb4 */;
CREATE TABLE `user` (
  `user_id` int NOT NULL AUTO_INCREMENT,
  `create_at` datetime(6) NOT NULL,
  `emotion` enum('HAPPY','MAD','SAD') NOT NULL,
  `login_id` varchar(100) NOT NULL,
  `nickname` varchar(100) NOT NULL,
  `password` varchar(64) DEFAULT NULL,
  `point` decimal(38,2) NOT NULL,
  `profile` enum('COW','DOG','MOUSE','RABBIT','SNAKE','TIGER') NOT NULL,
  `role` enum('GOOGLE','KAKAO','LOCAL') NOT NULL,
  `status_message` varchar(255) DEFAULT NULL,
  `tel` varchar(20) DEFAULT NULL,
  `use_yn` bit(1) NOT NULL,
  `user_name` varchar(256) NOT NULL,
  `my_room_id` int DEFAULT NULL,
  PRIMARY KEY (`user_id`),
  UNIQUE KEY `UKqs4gvkpsahkgvnhx945l3rkev` (`my_room_id`),
  CONSTRAINT `FKto2fojw9wkp289dn2vdvfs4c2` FOREIGN KEY (`my_room_id`) REFERENCES `my_room` (`my_room_id`)
) ENGINE=InnoDB AUTO_INCREMENT=21 DEFAULT CHARSET=utf8mb4 COLLATE=utf8mb4_0900_ai_ci;
/*!40101 SET character_set_client = @saved_cs_client */;

--
-- Dumping data for table `user`
--

LOCK TABLES `user` WRITE;
/*!40000 ALTER TABLE `user` DISABLE KEYS */;
INSERT INTO `user` VALUES (1,'2024-08-15 18:57:04.634127','HAPPY','Kakao-3655855417-김선웅','서눙킴',NULL,7540.00,'DOG','KAKAO','폭풍전야',NULL,_binary '','김선웅',1),(2,'2024-08-15 18:58:04.601234','HAPPY','Kakao-3654480823-주소영','주소영',NULL,2210.00,'DOG','KAKAO','응애 나 아기뱀띠',NULL,_binary '','주소영',2),(3,'2024-08-15 18:58:08.527912','MAD','Kakao-3653180640-최소현','최소현',NULL,28550.00,'DOG','KAKAO','아너너ㅓ너캉',NULL,_binary '','최소현',3),(4,'2024-08-15 18:58:22.325323','HAPPY','Kakao-3654913575-지흔','지흔',NULL,2090.00,'RABBIT','KAKAO','6반 친구들 모두 짱짱걸맨',NULL,_binary '','지흔',4),(5,'2024-08-15 19:14:40.380746','HAPPY','Kakao-3653196637-박동환','박동환',NULL,10800.00,'COW','KAKAO','아임 하입보이',NULL,_binary '','박동환',5),(6,'2024-08-15 19:17:35.386567','HAPPY','Kakao-3649495564-황정현','황정현',NULL,5850.00,'MOUSE','KAKAO',NULL,NULL,_binary '','황정현',6),(7,'2024-08-15 19:19:35.134952','HAPPY','Kakao-3665662587-오현진','오현진',NULL,10.00,'COW','KAKAO','놀고싶어',NULL,_binary '','오현진',7),(8,'2024-08-15 20:09:20.091577','HAPPY','Kakao-3665723439-최준호','최준호',NULL,20.00,'DOG','KAKAO',NULL,NULL,_binary '','최준호',8),(9,'2024-08-15 20:10:57.833487','HAPPY','Kakao-3665725406-귀여운짱구','귀여운짱구',NULL,0.00,'TIGER','KAKAO',NULL,NULL,_binary '','귀여운짱구',9),(10,'2024-08-15 20:44:22.986254','SAD','Kakao-3658874557-동쪽하늘무지개','동쪽하늘무지개',NULL,0.00,'RABBIT','KAKAO',NULL,NULL,_binary '','동쪽하늘무지개',10),(11,'2024-08-15 23:18:08.093044','HAPPY','Kakao-3665949580-팔색조성희','팔색조성희',NULL,0.00,'COW','KAKAO','3124',NULL,_binary '','팔색조성희',11),(12,'2024-08-15 23:27:41.892938','HAPPY','srpark13','동암','$2a$10$L2Ph3y717mbYiO33y0x6A.fnOgs0b6wA8dacsgRBYn8V.Swcc9aOO',0.00,'COW','LOCAL',NULL,'01074544231',_binary '','박동환',12),(13,'2024-08-16 05:45:18.422386','HAPPY','Google-101031710225055252233-똥이','똥이',NULL,0.00,'COW','GOOGLE',NULL,NULL,_binary '','똥이',13),(14,'2024-08-16 11:11:37.448424','HAPPY','Kakao-3666360723-향기','향기',NULL,0.00,'TIGER','KAKAO',NULL,NULL,_binary '','향기',14),(15,'2024-08-16 14:40:54.757852','HAPPY','Kakao-3666635191-정여진','정여진',NULL,0.00,'COW','KAKAO',NULL,NULL,_binary '','정여진',15),(16,'2024-08-17 17:42:43.634947','HAPPY','godeeyeon','북그꼼','$2a$10$l8eAo7wOG5BVxB0KHzq5but0ynh/Gt4apr.HXQhL21y957vKxbmzu',0.00,'COW','LOCAL',NULL,'01086235689',_binary '','희연',16),(17,'2024-08-18 14:28:40.655915','HAPPY','zinee','찌니','$2a$10$Sdb0i4WDD31br9XPFq/sDOpwCsYt2BaJ86wy7RWB4k2byQCuqkXK2',0.00,'COW','LOCAL',NULL,'01082331677',_binary '','유찌니',17),(18,'2024-08-18 14:31:50.215795','HAPPY','Kakao-3669068281-유수진','유수진',NULL,0.00,'COW','KAKAO',NULL,NULL,_binary '','유수진',18),(19,'2024-08-18 14:39:39.934380','HAPPY','Kakao-3669078140-김주영','김주영',NULL,0.00,'COW','KAKAO',NULL,NULL,_binary '','김주영',19),(20,'2024-08-18 15:23:13.428089','HAPPY','gus9300','소똥이','$2a$10$T6umEmtkRavvtQ9fw.MgA.W6gkRjR8VHjt4M8n7X610AU8typ8ZJm',0.00,'COW','LOCAL',NULL,'01059363877',_binary '','최소현',20);
/*!40000 ALTER TABLE `user` ENABLE KEYS */;
UNLOCK TABLES;

--
-- Table structure for table `user_exp`
--

DROP TABLE IF EXISTS `user_exp`;
/*!40101 SET @saved_cs_client     = @@character_set_client */;
/*!50503 SET character_set_client = utf8mb4 */;
CREATE TABLE `user_exp` (
  `exp_id` int NOT NULL AUTO_INCREMENT,
  `contribute_exp` int NOT NULL,
  `use_yn` bit(1) NOT NULL DEFAULT b'1',
  `user_id` int NOT NULL,
  `plant_id` int NOT NULL,
  PRIMARY KEY (`exp_id`),
  KEY `FKmwk3vvppwjlfja0woqiw06tw5` (`plant_id`),
  CONSTRAINT `FKmwk3vvppwjlfja0woqiw06tw5` FOREIGN KEY (`plant_id`) REFERENCES `plant` (`plant_id`)
) ENGINE=InnoDB AUTO_INCREMENT=27 DEFAULT CHARSET=utf8mb4 COLLATE=utf8mb4_0900_ai_ci;
/*!40101 SET character_set_client = @saved_cs_client */;

--
-- Dumping data for table `user_exp`
--

LOCK TABLES `user_exp` WRITE;
/*!40000 ALTER TABLE `user_exp` DISABLE KEYS */;
INSERT INTO `user_exp` VALUES (1,490,_binary '',3,1),(2,420,_binary '',4,1),(3,440,_binary '',1,1),(4,150,_binary '',2,1),(5,280,_binary '',5,1),(6,10,_binary '',4,2),(7,80,_binary '',6,1),(8,30,_binary '',7,2),(9,20,_binary '',6,3),(10,50,_binary '',8,4),(11,730,_binary '',3,4),(12,40,_binary '',9,4),(13,140,_binary '',10,4),(14,50,_binary '',4,5),(15,20,_binary '',11,5),(16,40,_binary '',1,6),(17,50,_binary '',3,6),(18,40,_binary '',14,7),(19,10,_binary '',14,5),(20,40,_binary '\0',3,8),(21,70,_binary '',2,9),(22,80,_binary '',18,10),(23,10,_binary '',19,11),(24,10,_binary '',3,9),(25,50,_binary '',3,11),(26,60,_binary '',18,11);
/*!40000 ALTER TABLE `user_exp` ENABLE KEYS */;
UNLOCK TABLES;

--
-- Table structure for table `user_exp_history`
--

DROP TABLE IF EXISTS `user_exp_history`;
/*!40101 SET @saved_cs_client     = @@character_set_client */;
/*!50503 SET character_set_client = utf8mb4 */;
CREATE TABLE `user_exp_history` (
  `rank_id` int NOT NULL AUTO_INCREMENT,
  `contribute_exp` int NOT NULL,
  `date_month` varchar(255) NOT NULL,
  `monthly_rank` int NOT NULL,
  `user_id` int NOT NULL,
  `plant_id` int NOT NULL,
  PRIMARY KEY (`rank_id`),
  KEY `FKawfyljucphgx2uul904ig5y0y` (`plant_id`),
  CONSTRAINT `FKawfyljucphgx2uul904ig5y0y` FOREIGN KEY (`plant_id`) REFERENCES `plant` (`plant_id`)
) ENGINE=InnoDB AUTO_INCREMENT=86 DEFAULT CHARSET=utf8mb4 COLLATE=utf8mb4_0900_ai_ci;
/*!40101 SET character_set_client = @saved_cs_client */;

--
-- Dumping data for table `user_exp_history`
--

LOCK TABLES `user_exp_history` WRITE;
/*!40000 ALTER TABLE `user_exp_history` DISABLE KEYS */;
INSERT INTO `user_exp_history` VALUES (1,170,'2024-01',1,4,1),(2,100,'2024-01',2,1,1),(3,80,'2024-01',3,3,1),(4,70,'2024-01',4,2,1),(5,30,'2024-02',1,3,1),(6,30,'2024-02',2,1,1),(7,10,'2024-02',3,5,1),(8,10,'2024-02',4,6,1),(9,0,'2024-02',5,4,1),(10,0,'2024-02',6,2,1),(11,40,'2024-02',1,4,2),(12,380,'2024-03',1,4,1),(13,350,'2024-03',2,1,1),(14,330,'2024-03',3,2,1),(15,300,'2024-03',4,6,1),(16,180,'2024-03',5,5,1),(17,150,'2024-03',6,3,1),(18,30,'2024-03',1,4,2),(19,10,'2024-03',2,7,2),(20,250,'2024-04',1,4,1),(21,230,'2024-04',2,2,1),(22,210,'2024-04',3,3,1),(23,150,'2024-04',4,6,1),(24,80,'2024-04',5,5,1),(25,0,'2024-04',6,1,1),(26,0,'2024-04',1,4,2),(27,0,'2024-04',2,7,2),(28,10,'2024-04',1,6,3),(29,300,'2024-05',1,2,1),(30,240,'2024-05',2,6,1),(31,200,'2024-05',3,4,1),(32,180,'2024-05',4,1,1),(33,150,'2024-05',5,3,1),(34,120,'2024-05',6,5,1),(35,0,'2024-05',1,4,2),(36,0,'2024-05',2,7,2),(37,0,'2024-05',1,6,3),(38,430,'2024-06',1,4,1),(39,390,'2024-06',2,2,1),(40,330,'2024-06',3,6,1),(41,240,'2024-06',4,3,1),(42,200,'2024-06',5,5,1),(43,60,'2024-06',6,1,1),(44,0,'2024-06',1,4,2),(45,0,'2024-06',2,7,2),(46,0,'2024-06',1,6,3),(47,40,'2024-06',1,3,4),(48,10,'2024-06',2,8,4),(49,0,'2024-06',3,9,4),(50,1010,'2024-07',1,4,1),(51,410,'2024-07',2,3,1),(52,390,'2024-07',3,2,1),(53,250,'2024-07',4,6,1),(54,150,'2024-07',5,5,1),(55,90,'2024-07',6,1,1),(56,0,'2024-07',1,4,2),(57,0,'2024-07',2,7,2),(58,0,'2024-07',1,6,3),(59,10,'2024-07',1,8,4),(60,0,'2024-07',2,3,4),(61,0,'2024-07',3,9,4),(68,0,'2024-07',1,4,2),(69,0,'2024-07',2,7,2),(70,0,'2024-07',1,6,3),(71,0,'2024-07',1,8,4),(72,0,'2024-07',2,3,4),(73,0,'2024-07',3,9,4),(80,0,'2024-07',1,4,2),(81,0,'2024-07',2,7,2),(82,0,'2024-07',1,6,3),(83,0,'2024-07',1,8,4),(84,0,'2024-07',2,3,4),(85,0,'2024-07',3,9,4);
/*!40000 ALTER TABLE `user_exp_history` ENABLE KEYS */;
UNLOCK TABLES;

--
-- Table structure for table `user_room`
--

DROP TABLE IF EXISTS `user_room`;
/*!40101 SET @saved_cs_client     = @@character_set_client */;
/*!50503 SET character_set_client = utf8mb4 */;
CREATE TABLE `user_room` (
  `user_room_id` int NOT NULL AUTO_INCREMENT,
  `create_at` datetime(6) NOT NULL,
  `last_login_time` datetime(6) DEFAULT NULL,
  `role` varchar(45) NOT NULL,
  `use_yn` bit(1) NOT NULL,
  `room_id` int NOT NULL,
  `user_id` int NOT NULL,
  PRIMARY KEY (`user_room_id`),
  KEY `FKt69dqc3yclx55jpu6lal8xna8` (`room_id`),
  KEY `FK1cpknce05q8qk8vdddrf97r2u` (`user_id`),
  CONSTRAINT `FK1cpknce05q8qk8vdddrf97r2u` FOREIGN KEY (`user_id`) REFERENCES `user` (`user_id`),
  CONSTRAINT `FKt69dqc3yclx55jpu6lal8xna8` FOREIGN KEY (`room_id`) REFERENCES `room` (`room_id`)
) ENGINE=InnoDB AUTO_INCREMENT=30 DEFAULT CHARSET=utf8mb4 COLLATE=utf8mb4_0900_ai_ci;
/*!40101 SET character_set_client = @saved_cs_client */;

--
-- Dumping data for table `user_room`
--

LOCK TABLES `user_room` WRITE;
/*!40000 ALTER TABLE `user_room` DISABLE KEYS */;
INSERT INTO `user_room` VALUES (1,'2024-08-15 18:58:19.123877','2024-08-18 15:38:08.369503','admin',_binary '',1,3),(2,'2024-08-15 18:58:36.434248','2024-08-16 21:42:20.930858','member',_binary '',1,4),(3,'2024-08-15 18:58:41.212593','2024-08-16 11:33:15.896961','member',_binary '\0',1,1),(4,'2024-08-15 18:58:48.216893','2024-08-18 14:16:48.352177','member',_binary '',1,2),(5,'2024-08-15 19:15:00.552448','2024-08-18 16:08:24.836259','member',_binary '',1,5),(6,'2024-08-15 19:16:47.466723','2024-08-16 15:38:59.213590','admin',_binary '',2,4),(7,'2024-08-15 19:17:53.037510','2024-08-18 15:04:49.894278','member',_binary '',1,6),(8,'2024-08-15 19:20:16.799552','2024-08-16 17:29:39.556045','member',_binary '',2,7),(9,'2024-08-15 19:42:39.930986','2024-08-18 17:28:48.883634','admin',_binary '',3,6),(10,'2024-08-15 20:09:41.178035','2024-08-15 22:52:39.514028','admin',_binary '',4,8),(11,'2024-08-15 20:13:10.888270','2024-08-18 14:31:49.416908','member',_binary '',4,3),(12,'2024-08-15 20:13:29.180486','2024-08-16 07:21:09.838032','member',_binary '',4,9),(13,'2024-08-15 23:02:47.357474','2024-08-17 14:48:21.105427','member',_binary '',4,10),(14,'2024-08-15 23:18:25.797827','2024-08-16 12:29:19.986659','admin',_binary '',5,4),(15,'2024-08-15 23:29:00.169134','2024-08-17 18:42:03.017104','member',_binary '',5,11),(16,'2024-08-16 11:16:37.829521','2024-08-16 11:42:53.560722','admin',_binary '',6,1),(17,'2024-08-16 11:21:07.526645','2024-08-16 11:31:02.150569','member',_binary '\0',6,3),(18,'2024-08-16 11:31:30.358123','2024-08-16 11:32:27.917015','member',_binary '\0',6,3),(19,'2024-08-16 11:34:58.263276','2024-08-18 13:34:20.616354','member',_binary '',1,1),(20,'2024-08-16 12:11:23.661331','2024-08-16 13:31:43.257235','admin',_binary '',7,14),(21,'2024-08-17 18:40:34.811931','2024-08-17 18:43:31.248668','member',_binary '',5,14),(22,'2024-08-18 13:36:58.409287','2024-08-18 14:42:37.033685','admin',_binary '\0',8,3),(23,'2024-08-18 14:14:34.148993','2024-08-18 14:15:41.829922','admin',_binary '',9,2),(24,'2024-08-18 14:33:03.263031','2024-08-18 14:43:47.877055','admin',_binary '',10,18),(25,'2024-08-18 14:40:43.284702','2024-08-18 14:42:42.290307','admin',_binary '',11,19),(26,'2024-08-18 14:41:10.081518','2024-08-18 14:41:17.462441','member',_binary '\0',9,3),(27,'2024-08-18 14:42:26.738554','2024-08-18 14:42:31.723153','member',_binary '\0',11,3),(28,'2024-08-18 14:42:47.505204','2024-08-18 15:11:02.546058','member',_binary '',11,3),(29,'2024-08-18 14:45:57.158158','2024-08-18 15:06:13.351438','member',_binary '',11,18);
/*!40000 ALTER TABLE `user_room` ENABLE KEYS */;
UNLOCK TABLES;
/*!40103 SET TIME_ZONE=@OLD_TIME_ZONE */;

/*!40101 SET SQL_MODE=@OLD_SQL_MODE */;
/*!40014 SET FOREIGN_KEY_CHECKS=@OLD_FOREIGN_KEY_CHECKS */;
/*!40014 SET UNIQUE_CHECKS=@OLD_UNIQUE_CHECKS */;
/*!40101 SET CHARACTER_SET_CLIENT=@OLD_CHARACTER_SET_CLIENT */;
/*!40101 SET CHARACTER_SET_RESULTS=@OLD_CHARACTER_SET_RESULTS */;
/*!40101 SET COLLATION_CONNECTION=@OLD_COLLATION_CONNECTION */;
/*!40111 SET SQL_NOTES=@OLD_SQL_NOTES */;

-- Dump completed on 2024-08-18 17:36:30
